date,open,high,low,close,adj_close,volume
2013-01-29,11.0,12.53,11.0,11.8,11.8,1152500
2013-01-30,11.78,12.3,11.1,11.15,11.15,167500
2013-01-31,11.15,11.3,10.87,10.98,10.98,138800
2013-02-01,10.75,11.12,10.52,10.75,10.75,31000
2013-02-04,10.56,10.9,10.4,10.47,10.47,28300
2013-02-05,10.47,10.9,10.33,10.88,10.88,93000
2013-02-06,11.25,11.8,10.66,10.8,10.8,70800
2013-02-07,10.5,11.21,10.5,11.2,11.2,53600
2013-02-08,11.86,11.86,10.65,11.38,11.38,37300
2013-02-11,11.58,12.68,11.25,12.23,12.23,24900
2013-02-12,11.8,12.0,11.45,11.83,11.83,41700
2013-02-13,11.85,13.32,11.85,13.11,13.11,71300
2013-02-14,13.5,13.95,13.11,13.51,13.51,32800
2013-02-15,13.9,13.9,13.5,13.69,13.69,35300
2013-02-19,13.75,13.75,12.12,13.55,13.55,71800
2013-02-20,13.46,13.7,12.5,12.8,12.8,25300
2013-02-21,12.6,12.82,11.8,12.82,12.82,20200
2013-02-22,12.51,12.91,11.9,12.49,12.49,23700
2013-02-25,12.92,13.0,12.01,12.49,12.49,10500
2013-02-26,11.94,12.1,11.23,11.92,11.92,9800
2013-02-27,11.9,11.9,11.41,11.74,11.74,3300
2013-02-28,11.74,12.1,11.74,12.1,12.1,10100
2013-03-01,11.99,12.1,11.4,11.4,11.4,3100
2013-03-04,11.84,11.84,11.84,11.84,11.84,500
2013-03-05,11.14,12.2,11.14,11.48,11.48,5900
2013-03-06,12.1,12.1,12.1,12.1,12.1,300
2013-03-07,11.55,11.97,11.5,11.55,11.55,10700
2013-03-08,11.67,12.18,11.01,12.13,12.13,63000
2013-03-11,12.12,12.5,11.7,12.1,12.1,46000
2013-03-12,12.5,12.5,11.77,12.0,12.0,314500
2013-03-13,11.98,11.98,11.87,11.9,11.9,1600
2013-03-14,11.5,11.97,11.45,11.73,11.73,4400
2013-03-15,11.6,11.8,11.51,11.55,11.55,16000
2013-03-18,11.99,11.99,11.61,11.67,11.67,38900
2013-03-19,11.79,11.97,11.6,11.61,11.61,14000
2013-03-20,11.66,12.15,11.66,11.76,11.76,11700
2013-03-21,11.75,11.84,11.62,11.65,11.65,2400
2013-03-22,11.64,11.7,11.6,11.64,11.64,9300
2013-03-25,11.21,11.94,11.0,11.27,11.27,25900
2013-03-26,11.88,11.94,11.01,11.73,11.73,4400
2013-03-27,11.91,11.91,11.32,11.56,11.56,8000
2013-03-28,11.55,11.81,11.16,11.41,11.41,6600
2013-04-01,11.5,11.8,11.11,11.68,11.68,4700
2013-04-02,11.66,11.66,11.08,11.19,11.19,19500
2013-04-03,11.05,11.74,11.05,11.67,11.67,9500
2013-04-04,11.05,11.91,11.05,11.71,11.71,5700
2013-04-05,11.75,12.15,11.34,12.1,12.1,15000
2013-04-08,12.11,12.43,12.1,12.4,12.4,13700
2013-04-09,12.35,13.27,12.35,13.22,13.22,39400
2013-04-10,13.04,14.26,13.04,13.25,13.25,38300
2013-04-11,12.28,13.49,11.85,11.85,11.85,8400
2013-04-12,11.98,12.28,11.95,11.95,11.95,15100
2013-04-15,12.6,13.15,11.82,12.59,12.59,27500
2013-04-16,12.47,12.62,11.75,11.75,11.75,700
2013-04-17,12.49,12.5,12.3,12.49,12.49,5300
2013-04-18,12.5,12.5,12.2,12.49,12.49,2800
2013-04-19,11.81,12.48,11.81,12.48,12.48,7300
2013-04-22,12.6,12.6,11.75,12.12,12.12,100800
2013-04-23,12.51,13.7,12.51,12.81,12.81,96200
2013-04-24,12.85,13.45,12.85,13.11,13.11,37900
2013-04-25,13.21,13.37,12.85,13.1,13.1,25100
2013-04-26,13.34,13.5,13.0,13.5,13.5,20000
2013-04-29,13.49,14.5,13.4,14.04,14.04,203000
2013-04-30,14.52,15.25,14.08,14.34,14.34,112900
2013-05-01,14.93,16.49,14.56,16.25,16.25,119100
2013-05-02,15.76,17.0,15.29,15.94,15.94,45200
2013-05-03,15.9,15.9,14.91,14.96,14.96,23200
2013-05-06,14.96,14.96,14.96,14.96,14.96,0
2013-05-07,14.89,14.89,13.7,13.9,13.9,5500
2013-05-08,13.8,14.5,13.5,13.5,13.5,7300
2013-05-09,13.52,15.0,13.52,14.17,14.17,70400
2013-05-10,14.49,14.77,13.51,13.78,13.78,18400
2013-05-13,12.78,13.25,12.52,13.0,13.0,66300
2013-05-14,12.81,14.89,12.81,13.5,13.5,126600
2013-05-15,13.6,15.25,13.15,15.25,15.25,95500
2013-05-16,15.25,16.06,14.85,15.0,15.0,165000
2013-05-17,16.05,16.14,14.5,14.75,14.75,1417200
2013-05-20,14.8,15.22,14.5,14.67,14.67,202900
2013-05-21,14.62,14.88,14.5,14.5,14.5,101100
2013-05-22,14.5,14.98,14.5,14.82,14.82,178100
2013-05-23,14.51,15.83,14.5,15.42,15.42,81500
2013-05-24,15.52,15.65,15.27,15.45,15.45,126900
2013-05-28,15.49,15.89,15.49,15.67,15.67,89200
2013-05-29,15.74,16.09,15.5,15.95,15.95,91100
2013-05-30,15.52,16.86,15.52,16.7,16.7,92900
2013-05-31,16.7,17.41,16.67,17.03,17.03,94200
2013-06-03,17.0,17.42,15.83,16.61,16.61,121600
2013-06-04,16.6,16.8,15.37,15.89,15.89,148600
2013-06-05,16.11,16.2,15.37,15.95,15.95,32100
2013-06-06,16.28,16.29,15.61,16.17,16.17,69000
2013-06-07,16.64,16.74,15.75,16.02,16.02,50400
2013-06-10,16.53,16.94,15.63,15.85,15.85,125200
2013-06-11,15.93,16.11,15.66,15.99,15.99,45400
2013-06-12,15.9,19.0,15.9,18.67,18.67,151800
2013-06-13,18.97,20.83,18.33,19.72,19.72,203700
2013-06-14,19.52,21.19,19.42,20.09,20.09,235300
2013-06-17,20.57,20.57,19.0,20.32,20.32,85100
2013-06-18,21.19,24.48,21.03,24.34,24.34,514800
2013-06-19,24.49,25.62,24.06,24.88,24.88,321900
2013-06-20,25.11,25.73,24.21,25.43,25.43,158800
2013-06-21,25.43,26.97,25.42,25.84,25.84,277300
2013-06-24,25.61,25.78,23.75,24.48,24.48,233600
2013-06-25,23.91,25.48,23.83,25.4,25.4,62000
2013-06-26,25.37,25.9,24.79,25.24,25.24,87200
2013-06-27,25.11,25.4,22.11,22.55,22.55,244800
2013-06-28,22.75,23.97,21.25,23.84,23.84,1753200
2013-07-01,23.84,25.34,23.84,25.07,25.07,177800
2013-07-02,24.89,25.23,23.27,24.36,24.36,164700
2013-07-03,23.87,25.06,23.87,25.02,25.02,38600
2013-07-05,25.16,25.25,24.6,25.07,25.07,77200
2013-07-08,25.28,25.38,24.68,24.99,24.99,93700
2013-07-09,25.02,25.2,24.81,25.11,25.11,79200
2013-07-10,25.25,28.89,25.25,28.22,28.22,483200
2013-07-11,28.11,28.46,27.3,28.32,28.32,190800
2013-07-12,28.32,28.48,27.08,27.23,27.23,70200
2013-07-15,26.45,27.55,26.01,27.14,27.14,117600
2013-07-16,27.1,27.5,26.58,26.95,26.95,132600
2013-07-17,27.05,28.88,27.05,28.78,28.78,142800
2013-07-18,28.87,29.25,27.67,27.94,27.94,79300
2013-07-19,27.8,28.23,27.8,28.03,28.03,61600
2013-07-22,28.17,28.88,28.05,28.21,28.21,83000
2013-07-23,28.13,28.36,26.5,27.26,27.26,118600
2013-07-24,27.46,27.46,23.01,23.3,23.3,218300
2013-07-25,23.11,24.32,22.15,23.52,23.52,245800
2013-07-26,23.47,23.47,22.59,23.1,23.1,96500
2013-07-29,23.06,24.05,22.51,23.85,23.85,109100
2013-07-30,25.36,28.16,25.21,27.73,27.73,307000
2013-07-31,27.94,28.59,27.73,28.14,28.14,164500
2013-08-01,28.7,28.7,27.74,27.88,27.88,70800
2013-08-02,27.79,31.11,27.43,31.11,31.11,367600
2013-08-05,31.4,33.33,31.11,33.09,33.09,332200
2013-08-06,33.33,33.93,31.44,31.9,31.9,253300
2013-08-07,31.99,32.34,30.1,30.57,30.57,153200
2013-08-08,30.68,33.64,30.5,32.81,32.81,143600
2013-08-09,33.03,34.72,32.7,33.2,33.2,201900
2013-08-12,32.92,35.28,31.97,34.26,34.26,192300
2013-08-13,34.25,38.44,33.44,37.39,37.39,281700
2013-08-14,37.49,39.18,36.41,37.15,37.15,182900
2013-08-15,37.03,37.56,32.57,34.33,34.33,300100
2013-08-16,34.09,35.77,33.14,35.14,35.14,168700
2013-08-19,35.23,35.7,33.87,34.28,34.28,193800
2013-08-20,34.4,35.09,34.25,34.53,34.53,148700
2013-08-21,34.36,34.36,29.55,31.43,31.43,410600
2013-08-22,31.66,32.77,31.6,32.6,32.6,38000
2013-08-23,32.47,35.1,32.33,34.57,34.57,114800
2013-08-26,34.86,35.14,34.1,34.76,34.76,97400
2013-08-27,34.42,34.63,33.49,34.03,34.03,114000
2013-08-28,34.24,35.0,33.41,33.88,33.88,98700
2013-08-29,36.64,38.38,35.01,35.2,35.2,443300
2013-08-30,34.9,35.54,34.21,34.65,34.65,92600
2013-09-03,34.96,36.17,33.6,34.17,34.17,155500
2013-09-04,34.09,36.76,33.85,35.51,35.51,304800
2013-09-05,35.73,37.02,35.16,36.33,36.33,153700
2013-09-06,36.53,37.0,35.53,35.74,35.74,109400
2013-09-09,36.0,37.27,35.7,36.92,36.92,127200
2013-09-10,37.08,37.75,35.95,36.62,36.62,106400
2013-09-11,36.37,36.65,36.28,36.48,36.48,149100
2013-09-12,37.73,38.65,36.85,37.77,37.77,399100
2013-09-13,37.93,38.57,36.17,36.93,36.93,77400
2013-09-16,37.26,37.36,36.27,36.43,36.43,119000
2013-09-17,36.58,37.35,36.34,37.33,37.33,66700
2013-09-18,37.29,39.32,36.8,38.45,38.45,180400
2013-09-19,38.64,39.0,37.82,38.78,38.78,148400
2013-09-20,38.84,39.38,37.71,38.48,38.48,145800
2013-09-23,38.64,42.41,38.11,40.79,40.79,288200
2013-09-24,40.91,42.12,40.62,40.82,40.82,154300
2013-09-25,40.95,44.18,40.95,42.15,42.15,242600
2013-09-26,42.49,43.78,42.25,43.31,43.31,110300
2013-09-27,43.29,44.34,43.0,43.09,43.09,117000
2013-09-30,42.78,45.86,42.06,45.3,45.3,250000
2013-10-01,45.3,47.25,45.17,47.13,47.13,115000
2013-10-02,46.76,47.06,44.9,45.22,45.22,127500
2013-10-03,45.25,45.31,41.06,42.15,42.15,279000
2013-10-04,42.07,44.47,42.01,42.69,42.69,161600
2013-10-07,42.26,42.57,41.09,41.13,41.13,89200
2013-10-08,41.25,41.96,36.77,37.23,37.23,176100
2013-10-09,37.26,37.79,35.08,36.04,36.04,213200
2013-10-10,36.91,38.66,36.53,38.57,38.57,169000
2013-10-11,38.41,38.68,37.0,37.26,37.26,62000
2013-10-14,36.87,37.1,33.44,36.88,36.88,209400
2013-10-15,36.68,37.35,36.34,36.37,36.37,67400
2013-10-16,36.78,38.02,35.97,37.46,37.46,127400
2013-10-17,37.27,38.62,36.82,37.99,37.99,41200
2013-10-18,37.93,37.95,34.42,35.2,35.2,118500
2013-10-21,35.2,36.14,32.13,32.52,32.52,125800
2013-10-22,32.63,32.63,27.29,27.52,27.52,680600
2013-10-23,27.66,32.4,25.76,31.47,31.47,693300
2013-10-24,31.47,33.55,31.4,32.92,32.92,193000
2013-10-25,32.74,32.9,30.08,31.12,31.12,181200
2013-10-28,31.04,31.22,29.14,29.3,29.3,117200
2013-10-29,29.25,31.0,29.25,30.26,30.26,95800
2013-10-30,30.31,30.89,28.21,28.88,28.88,266300
2013-10-31,28.8,29.0,27.56,27.83,27.83,69600
2013-11-01,27.93,28.89,27.79,28.64,28.64,155100
2013-11-04,28.77,29.0,27.88,28.14,28.14,68100
2013-11-05,28.02,28.07,26.0,26.49,26.49,173100
2013-11-06,26.56,27.31,25.09,26.2,26.2,92700
2013-11-07,26.19,26.19,23.49,25.32,25.32,344200
2013-11-08,25.37,26.36,24.73,25.92,25.92,95900
2013-11-11,25.6,26.12,25.03,25.32,25.32,49000
2013-11-12,24.8,25.21,22.76,23.29,23.29,201800
2013-11-13,23.52,24.2,22.71,23.23,23.23,143100
2013-11-14,23.39,26.2,23.3,24.55,24.55,423300
2013-11-15,24.59,25.29,21.55,21.65,21.65,353700
2013-11-18,21.9,22.2,19.93,19.95,19.95,476500
2013-11-19,19.87,21.5,19.81,20.48,20.48,297300
2013-11-20,20.48,21.03,19.28,19.55,19.55,140800
2013-11-21,19.55,20.9,18.61,20.39,20.39,258200
2013-11-22,20.6,21.55,19.9,20.27,20.27,228800
2013-11-25,20.49,22.7,20.42,21.33,21.33,383500
2013-11-26,21.34,21.91,19.6,20.0,20.0,269400
2013-11-27,20.0,20.62,19.37,19.9,19.9,130000
2013-11-29,20.16,21.19,20.04,20.66,20.66,64100
2013-12-02,20.81,21.97,20.75,21.91,21.91,160800
2013-12-03,20.3,21.53,20.11,21.48,21.48,387200
2013-12-04,21.43,23.34,21.08,23.07,23.07,263500
2013-12-05,23.41,23.41,22.28,22.77,22.77,106800
2013-12-06,23.06,23.06,21.29,21.34,21.34,164800
2013-12-09,21.49,22.49,20.92,21.18,21.18,106200
2013-12-10,21.17,21.17,20.2,20.41,20.41,123000
2013-12-11,20.39,21.02,18.85,19.26,19.26,223600
2013-12-12,19.23,19.9,18.84,19.65,19.65,74700
2013-12-13,19.77,19.86,18.85,19.7,19.7,74100
2013-12-16,19.87,20.64,19.0,19.09,19.09,109000
2013-12-17,19.16,19.75,18.71,19.2,19.2,100100
2013-12-18,19.19,19.85,18.61,19.01,19.01,157400
2013-12-19,18.98,19.06,18.5,18.77,18.77,77400
2013-12-20,18.86,20.03,18.78,19.52,19.52,188200
2013-12-23,19.62,20.41,19.55,20.06,20.06,122900
2013-12-24,20.16,20.52,19.02,19.17,19.17,53600
2013-12-26,19.21,19.84,19.01,19.11,19.11,70600
2013-12-27,19.22,19.46,18.79,19.08,19.08,103400
2013-12-30,19.09,20.12,19.01,20.01,20.01,121900
2013-12-31,20.14,20.25,19.07,19.6,19.6,333800
2014-01-02,19.5,20.79,19.2,20.35,20.35,108200
2014-01-03,20.46,20.92,19.7,19.96,19.96,127700
2014-01-06,20.33,20.5,19.5,19.85,19.85,74200
2014-01-07,19.92,20.2,19.61,19.9,19.9,77600
2014-01-08,20.0,21.0,19.65,19.98,19.98,145300
2014-01-09,20.19,20.88,19.8,20.08,20.08,269400
2014-01-10,20.35,21.22,20.35,21.09,21.09,227000
2014-01-13,21.31,21.5,19.0,19.4,19.4,271400
2014-01-14,19.51,20.0,19.2,19.75,19.75,99600
2014-01-15,20.0,20.06,19.1,19.21,19.21,123200
2014-01-16,19.18,21.93,19.18,21.82,21.82,396300
2014-01-17,22.0,30.45,22.0,30.44,30.44,1403000
2014-01-21,30.33,31.48,28.32,30.22,30.22,634800
2014-01-22,30.21,31.3,29.59,29.94,29.94,238400
2014-01-23,29.76,29.85,26.5,27.33,27.33,308400
2014-01-24,26.89,28.2,25.66,26.52,26.52,249800
2014-01-27,26.46,27.35,24.5,25.24,25.24,284600
2014-01-28,25.34,26.2,25.06,25.64,25.64,160500
2014-01-29,25.26,25.51,24.9,25.02,25.02,110600
2014-01-30,25.29,26.93,25.29,25.39,25.39,130900
2014-01-31,25.0,26.0,24.88,25.15,25.15,180700
2014-02-03,24.91,25.55,23.19,23.52,23.52,274300
2014-02-04,23.58,24.44,23.02,23.49,23.49,243200
2014-02-05,23.32,23.88,20.61,20.64,20.64,364600
2014-02-06,20.89,22.49,20.58,20.66,20.66,149300
2014-02-07,20.94,23.9,20.7,22.52,22.52,252800
2014-02-10,22.99,25.07,22.65,24.49,24.49,237200
2014-02-11,24.86,29.85,24.58,28.77,28.77,685900
2014-02-12,28.77,30.0,25.0,25.29,25.29,373300
2014-02-13,25.0,25.84,24.68,24.96,24.96,320800
2014-02-14,24.96,25.75,24.58,25.05,25.05,242200
2014-02-18,25.16,26.71,24.9,25.86,25.86,200600
2014-02-19,25.89,26.23,25.2,25.75,25.75,229400
2014-02-20,25.7,28.99,25.3,27.58,27.58,339900
2014-02-21,27.87,30.21,27.7,29.82,29.82,594600
2014-02-24,30.24,30.57,28.6,29.33,29.33,292500
2014-02-25,29.52,29.97,28.6,28.88,28.88,175600
2014-02-26,28.87,29.91,28.83,29.21,29.21,253200
2014-02-27,29.08,29.5,28.35,29.1,29.1,195900
2014-02-28,28.88,29.39,24.85,25.86,25.86,377300
2014-03-03,25.46,26.84,25.01,26.2,26.2,174800
2014-03-04,26.85,27.17,26.1,26.36,26.36,198400
2014-03-05,26.38,27.12,25.73,26.61,26.61,164400
2014-03-06,26.82,26.99,24.59,24.86,24.86,270100
2014-03-07,25.04,25.88,23.48,25.65,25.65,299500
2014-03-10,25.67,25.74,24.21,24.81,24.81,122900
2014-03-11,24.81,25.69,24.0,24.32,24.32,118100
2014-03-12,24.2,24.91,23.6,24.78,24.78,134800
2014-03-13,24.77,25.44,23.73,24.22,24.22,135700
2014-03-14,24.02,24.73,23.6,24.2,24.2,121800
2014-03-17,24.37,24.67,23.29,23.65,23.65,152000
2014-03-18,23.73,25.34,23.65,25.22,25.22,249000
2014-03-19,25.3,25.68,24.55,24.76,24.76,139200
2014-03-20,24.69,25.03,24.0,24.52,24.52,259700
2014-03-21,24.7,24.7,22.85,22.95,22.95,182800
2014-03-24,23.11,23.11,20.6,22.14,22.14,205600
2014-03-25,22.35,22.92,21.04,21.87,21.87,191200
2014-03-26,22.1,22.62,20.5,20.51,20.51,182600
2014-03-27,20.44,20.86,19.37,19.89,19.89,275900
2014-03-28,19.84,19.84,18.04,19.26,19.26,383700
2014-03-31,19.49,20.46,18.99,20.36,20.36,263600
2014-04-01,20.33,21.28,19.29,19.77,19.77,312400
2014-04-02,19.86,20.7,19.45,19.66,19.66,181300
2014-04-03,19.58,19.99,18.4,18.69,18.69,189800
2014-04-04,19.01,19.51,18.08,18.41,18.41,255600
2014-04-07,18.17,18.79,17.35,17.96,17.96,278700
2014-04-08,18.13,19.49,17.72,19.17,19.17,401500
2014-04-09,19.31,19.72,18.84,19.05,19.05,132800
2014-04-10,18.94,19.27,17.25,17.54,17.54,190600
2014-04-11,17.27,17.91,16.11,16.22,16.22,192200
2014-04-14,16.35,17.78,15.51,16.02,16.02,169100
2014-04-15,15.85,16.14,13.94,15.57,15.57,320400
2014-04-16,15.6,16.21,15.13,15.8,15.8,137200
2014-04-17,15.7,16.49,15.45,15.68,15.68,141700
2014-04-21,15.64,16.24,15.31,15.98,15.98,157300
2014-04-22,16.13,17.19,15.72,16.68,16.68,285600
2014-04-23,16.66,16.66,15.8,16.17,16.17,87800
2014-04-24,16.23,16.79,15.66,16.31,16.31,132900
2014-04-25,16.16,16.48,14.37,14.85,14.85,244500
2014-04-28,14.9,15.13,13.75,14.23,14.23,124400
2014-04-29,14.24,15.41,14.17,15.26,15.26,107200
2014-04-30,15.24,15.48,14.51,15.31,15.31,108300
2014-05-01,15.38,15.43,14.39,14.75,14.75,103700
2014-05-02,14.8,14.8,14.31,14.56,14.56,73700
2014-05-05,14.47,14.92,14.02,14.2,14.2,126300
2014-05-06,14.04,14.45,13.58,13.9,13.9,122200
2014-05-07,13.99,14.08,12.79,13.34,13.34,284300
2014-05-08,13.47,13.6,13.0,13.21,13.21,138300
2014-05-09,13.18,14.28,13.18,14.24,14.24,142500
2014-05-12,14.4,15.15,14.03,15.05,15.05,114300
2014-05-13,15.11,15.18,14.06,14.16,14.16,117100
2014-05-14,14.1,14.96,13.0,13.43,13.43,168700
2014-05-15,13.39,13.42,12.5,12.6,12.6,152000
2014-05-16,12.61,13.18,12.1,12.89,12.89,137400
2014-05-19,12.9,13.41,12.34,12.57,12.57,155600
2014-05-20,13.0,15.06,12.97,13.92,13.92,281600
2014-05-21,14.09,14.98,13.2,13.28,13.28,127500
2014-05-22,13.16,14.25,13.16,13.88,13.88,166900
2014-05-23,13.9,13.96,13.66,13.84,13.84,87900
2014-05-27,14.08,14.47,14.08,14.41,14.41,170100
2014-05-28,14.4,15.24,13.84,15.1,15.1,156900
2014-05-29,15.25,15.6,14.83,15.1,15.1,137200
2014-05-30,15.06,15.39,14.85,15.19,15.19,171800
2014-06-02,15.19,15.36,13.84,14.13,14.13,133600
2014-06-03,14.17,14.32,13.69,13.99,13.99,88500
2014-06-04,13.87,14.68,13.5,14.32,14.32,90600
2014-06-05,14.29,14.6,13.96,14.57,14.57,104200
2014-06-06,14.75,14.76,14.33,14.43,14.43,100100
2014-06-09,14.48,15.32,14.45,15.3,15.3,141600
2014-06-10,15.26,16.78,15.26,16.62,16.62,178900
2014-06-11,16.48,16.61,15.83,15.89,15.89,80900
2014-06-12,15.83,16.15,15.51,16.02,16.02,83600
2014-06-13,16.11,16.76,15.13,15.34,15.34,91400
2014-06-16,15.39,15.99,15.34,15.96,15.96,138600
2014-06-17,15.96,16.2,15.61,16.08,16.08,112100
2014-06-18,15.96,16.14,15.52,15.78,15.78,112600
2014-06-19,15.94,15.94,14.84,14.93,14.93,139300
2014-06-20,15.01,15.32,14.75,15.15,15.15,160900
2014-06-23,15.23,15.27,14.71,14.91,14.91,106200
2014-06-24,15.03,15.42,14.84,14.99,14.99,185800
2014-06-25,14.84,15.15,14.6,15.01,15.01,103100
2014-06-26,15.09,15.09,14.78,14.99,14.99,63100
2014-06-27,14.94,15.1,14.52,14.88,14.88,314300
2014-06-30,14.91,15.32,14.57,14.67,14.67,81900
2014-07-01,14.75,14.97,14.5,14.51,14.51,96100
2014-07-02,14.44,14.77,14.3,14.51,14.51,116100
2014-07-03,14.51,15.19,14.51,14.9,14.9,66600
2014-07-07,14.89,15.05,14.0,14.13,14.13,93100
2014-07-08,14.09,14.09,13.0,13.38,13.38,158100
2014-07-09,13.4,13.85,12.97,13.15,13.15,63100
2014-07-10,12.7,13.44,12.61,13.3,13.3,110900
2014-07-11,13.24,13.62,13.0,13.31,13.31,66100
2014-07-14,13.55,13.83,13.0,13.12,13.12,75700
2014-07-15,13.04,13.12,12.28,12.47,12.47,104900
2014-07-16,12.52,13.15,12.41,12.5,12.5,110000
2014-07-17,12.4,12.52,11.25,11.31,11.31,269400
2014-07-18,11.35,12.29,11.08,11.28,11.28,206700
2014-07-21,11.17,11.26,10.68,10.9,10.9,215800
2014-07-22,10.93,11.33,10.74,11.19,11.19,118400
2014-07-23,11.33,12.49,11.13,12.4,12.4,190600
2014-07-24,12.44,12.47,11.63,11.86,11.86,127900
2014-07-25,11.74,12.04,11.61,11.96,11.96,102000
2014-07-28,12.0,12.06,11.18,11.54,11.54,92600
2014-07-29,11.6,12.8,11.6,12.8,12.8,148100
2014-07-30,12.99,13.75,12.33,13.68,13.68,139600
2014-07-31,13.46,13.5,12.58,12.81,12.81,102900
2014-08-01,12.81,12.81,11.77,11.95,11.95,145300
2014-08-04,12.02,12.1,11.63,11.81,11.81,201600
2014-08-05,11.75,11.99,11.63,11.75,11.75,234000
2014-08-06,11.79,11.9,11.45,11.5,11.5,140100
2014-08-07,11.54,11.72,11.24,11.36,11.36,93900
2014-08-08,11.49,11.52,11.21,11.27,11.27,84500
2014-08-11,11.2,12.18,11.15,12.01,12.01,201800
2014-08-12,11.85,12.5,11.19,11.28,11.28,101200
2014-08-13,11.28,11.6,11.0,11.43,11.43,117200
2014-08-14,11.51,11.93,11.4,11.52,11.52,184100
2014-08-15,11.74,11.74,11.0,11.37,11.37,289000
2014-08-18,11.7,11.7,11.32,11.5,11.5,159700
2014-08-19,11.64,11.99,11.35,11.5,11.5,111900
2014-08-20,11.35,11.37,10.86,11.1,11.1,165300
2014-08-21,11.05,11.05,10.51,10.99,10.99,171700
2014-08-22,10.95,11.36,10.61,11.31,11.31,186600
2014-08-25,11.48,11.64,11.26,11.5,11.5,156100
2014-08-26,11.5,11.81,11.42,11.56,11.56,163900
2014-08-27,11.6,11.6,11.05,11.34,11.34,83000
2014-08-28,11.28,11.45,11.01,11.14,11.14,92700
2014-08-29,11.14,11.31,11.02,11.28,11.28,73100
2014-09-02,11.33,11.33,10.85,10.95,10.95,116000
2014-09-03,11.02,11.11,10.65,10.92,10.92,144300
2014-09-04,10.99,11.4,10.74,10.85,10.85,112700
2014-09-05,10.86,10.98,10.5,10.63,10.63,111100
2014-09-08,10.67,12.22,10.63,12.18,12.18,397400
2014-09-09,12.6,14.28,12.3,13.68,13.68,494900
2014-09-10,13.6,14.53,13.17,14.5,14.5,261000
2014-09-11,14.97,15.87,14.52,14.95,14.95,400600
2014-09-12,14.96,15.34,13.63,14.05,14.05,251400
2014-09-15,14.0,14.54,13.21,14.41,14.41,282900
2014-09-16,14.29,14.4,13.75,13.76,13.76,124700
2014-09-17,13.88,14.31,13.77,13.96,13.96,92000
2014-09-18,14.07,14.54,13.33,13.53,13.53,176200
2014-09-19,13.35,13.91,12.7,12.79,12.79,239400
2014-09-22,12.41,12.65,11.57,11.72,11.72,238200
2014-09-23,11.6,12.68,11.54,12.01,12.01,132900
2014-09-24,12.05,12.6,11.8,12.32,12.32,121100
2014-09-25,12.26,12.26,11.41,11.88,11.88,127600
2014-09-26,11.97,12.86,11.45,12.17,12.17,249900
2014-09-29,11.97,12.56,11.72,12.54,12.54,120900
2014-09-30,12.57,12.95,12.33,12.46,12.46,157900
2014-10-01,12.5,12.5,11.85,12.21,12.21,195300
2014-10-02,12.21,12.83,11.98,12.66,12.66,102000
2014-10-03,12.85,13.04,12.47,12.87,12.87,101900
2014-10-06,12.99,12.99,12.06,12.29,12.29,125500
2014-10-07,12.1,12.63,11.5,11.54,11.54,132000
2014-10-08,11.51,11.99,11.02,11.93,11.93,111200
2014-10-09,11.88,12.13,11.3,11.49,11.49,82500
2014-10-10,11.24,12.03,11.24,11.44,11.44,127800
2014-10-13,11.39,12.17,11.0,11.94,11.94,103500
2014-10-14,12.09,12.76,11.67,12.21,12.21,135200
2014-10-15,11.93,13.06,11.93,13.03,13.03,129300
2014-10-16,12.63,13.11,11.95,12.98,12.98,86300
2014-10-17,13.2,13.2,12.68,12.74,12.74,106400
2014-10-20,13.25,13.7,13.04,13.21,13.21,76500
2014-10-21,13.32,13.59,12.64,12.85,12.85,114700
2014-10-22,12.95,13.12,12.32,12.79,12.79,106000
2014-10-23,12.99,13.56,12.76,13.07,13.07,94400
2014-10-24,13.08,14.23,13.08,14.16,14.16,104300
2014-10-27,14.13,14.38,13.7,14.34,14.34,68900
2014-10-28,14.45,14.84,14.38,14.8,14.8,96800
2014-10-29,14.88,15.65,14.43,15.57,15.57,365900
2014-10-30,15.54,16.98,15.41,16.52,16.52,238500
2014-10-31,17.0,17.0,15.1,15.39,15.39,323800
2014-11-03,15.36,15.54,14.41,14.83,14.83,174100
2014-11-04,14.91,14.97,14.38,14.77,14.77,116000
2014-11-05,15.0,15.07,14.6,14.66,14.66,155200
2014-11-06,14.75,14.91,14.23,14.57,14.57,225700
2014-11-07,14.46,14.77,14.27,14.62,14.62,118500
2014-11-10,14.59,15.21,14.38,15.14,15.14,115500
2014-11-11,15.35,15.35,14.61,14.95,14.95,55000
2014-11-12,14.85,15.2,13.68,15.06,15.06,251600
2014-11-13,15.08,15.4,14.21,14.34,14.34,118200
2014-11-14,14.34,14.63,13.67,14.12,14.12,195800
2014-11-17,14.06,14.88,13.96,14.15,14.15,76800
2014-11-18,14.19,14.56,13.83,14.06,14.06,85300
2014-11-19,14.04,14.35,13.51,13.86,13.86,87800
2014-11-20,13.69,14.19,13.5,14.07,14.07,83000
2014-11-21,14.31,14.31,13.72,14.0,14.0,57400
2014-11-24,14.13,14.62,14.0,14.39,14.39,64300
2014-11-25,14.38,14.5,14.13,14.41,14.41,59300
2014-11-26,14.48,14.83,14.14,14.79,14.79,94800
2014-11-28,14.87,15.51,14.66,14.88,14.88,77700
2014-12-01,14.77,14.77,14.14,14.34,14.34,93400
2014-12-02,14.45,14.87,14.42,14.82,14.82,115400
2014-12-03,14.93,15.34,14.61,15.14,15.14,104900
2014-12-04,15.18,15.29,14.72,14.79,14.79,111700
2014-12-05,14.88,15.42,14.88,15.22,15.22,74300
2014-12-08,15.26,15.77,15.26,15.55,15.55,100800
2014-12-09,15.25,16.58,15.11,16.53,16.53,133500
2014-12-10,16.54,17.69,16.0,16.7,16.7,273400
2014-12-11,16.99,17.63,16.05,16.19,16.19,166700
2014-12-12,15.81,16.84,15.5,16.5,16.5,75900
2014-12-15,16.7,16.7,15.18,15.49,15.49,120600
2014-12-16,15.42,15.87,15.24,15.28,15.28,82100
2014-12-17,15.47,16.27,15.22,16.02,16.02,110000
2014-12-18,16.29,16.72,15.84,16.28,16.28,132500
2014-12-19,16.25,16.26,15.5,15.57,15.57,163100
2014-12-22,15.57,15.88,15.41,15.74,15.74,72600
2014-12-23,15.76,15.76,15.0,15.3,15.3,100300
2014-12-24,15.46,15.74,15.13,15.53,15.53,66800
2014-12-26,15.62,16.19,15.51,16.13,16.13,69000
2014-12-29,16.08,16.46,15.19,15.31,15.31,146900
2014-12-30,15.25,16.16,15.1,15.82,15.82,59800
2014-12-31,16.14,17.41,15.97,17.06,17.06,174900
2015-01-02,17.31,17.99,17.0,17.43,17.43,134100
2015-01-05,17.43,18.45,17.43,17.91,17.91,156300
2015-01-06,18.09,18.94,17.29,17.79,17.79,154300
2015-01-07,18.0,18.24,17.13,17.5,17.5,119900
2015-01-08,16.0,16.2,15.74,15.77,15.77,1979200
2015-01-09,15.79,17.04,15.7,15.81,15.81,453300
2015-01-12,15.93,16.59,15.83,16.33,16.33,297300
2015-01-13,16.53,16.85,15.5,15.7,15.7,262300
2015-01-14,15.54,15.92,15.28,15.74,15.74,129100
2015-01-15,15.85,16.27,15.12,15.19,15.19,324200
2015-01-16,15.09,15.5,14.81,14.91,14.91,267900
2015-01-20,14.92,15.0,14.1,14.27,14.27,420000
2015-01-21,14.27,14.74,13.31,13.37,13.37,452200
2015-01-22,13.42,13.66,12.77,13.22,13.22,298500
2015-01-23,13.5,13.56,13.09,13.21,13.21,177300
2015-01-26,13.06,13.52,12.87,13.52,13.52,219700
2015-01-27,13.44,14.33,13.32,14.25,14.25,229200
2015-01-28,14.4,14.94,14.13,14.89,14.89,380200
2015-01-29,14.97,15.13,14.45,14.99,14.99,196500
2015-01-30,15.2,16.37,15.2,15.48,15.48,533100
2015-02-02,15.55,15.89,14.95,15.63,15.63,216400
2015-02-03,15.51,15.6,14.05,14.4,14.4,310100
2015-02-04,14.37,14.71,13.61,14.24,14.24,158700
2015-02-05,14.39,14.88,14.17,14.76,14.76,127100
2015-02-06,14.67,14.92,14.0,14.02,14.02,140400
2015-02-09,13.94,14.35,13.66,13.7,13.7,113800
2015-02-10,13.82,14.29,13.72,14.09,14.09,153700
2015-02-11,14.07,14.4,13.72,13.84,13.84,97600
2015-02-12,13.83,14.25,13.5,14.17,14.17,95100
2015-02-13,14.13,14.2,13.82,14.07,14.07,84400
2015-02-17,14.07,14.35,13.88,14.08,14.08,84500
2015-02-18,14.17,14.35,13.86,14.08,14.08,141000
2015-02-19,14.13,14.24,13.9,13.98,13.98,141600
2015-02-20,14.02,14.62,13.93,14.1,14.1,190300
2015-02-23,14.18,15.36,13.9,15.24,15.24,199000
2015-02-24,15.27,15.66,15.07,15.41,15.41,172300
2015-02-25,15.33,16.97,15.13,16.22,16.22,200100
2015-02-26,16.15,16.41,15.16,16.2,16.2,158800
2015-02-27,16.14,16.14,15.17,15.19,15.19,101300
2015-03-02,15.21,15.7,15.11,15.63,15.63,74800
2015-03-03,15.7,15.77,15.21,15.68,15.68,54600
2015-03-04,15.6,16.25,15.23,16.05,16.05,78100
2015-03-05,16.22,16.43,15.6,15.9,15.9,131200
2015-03-06,15.91,16.31,15.64,15.75,15.75,98700
2015-03-09,15.87,16.09,15.63,15.93,15.93,72900
2015-03-10,15.81,16.0,15.52,15.84,15.84,53900
2015-03-11,15.85,16.62,15.59,16.37,16.37,111700
2015-03-12,16.58,16.6,15.86,16.01,16.01,69900
2015-03-13,16.05,16.33,15.43,16.01,16.01,76800
2015-03-16,16.08,16.3,15.69,16.18,16.18,82800
2015-03-17,16.38,16.58,16.16,16.26,16.26,171100
2015-03-18,16.17,16.43,15.89,15.93,15.93,160500
2015-03-19,15.97,16.61,15.96,16.18,16.18,231000
2015-03-20,16.41,17.4,16.1,17.09,17.09,270700
2015-03-23,16.96,16.96,16.21,16.29,16.29,125500
2015-03-24,16.25,17.13,16.14,16.72,16.72,134800
2015-03-25,16.75,16.92,15.21,15.26,15.26,246300
2015-03-26,14.94,15.48,14.58,15.08,15.08,121000
2015-03-27,15.13,15.54,14.71,15.25,15.25,90500
2015-03-30,15.49,15.49,14.86,15.08,15.08,86900
2015-03-31,15.05,15.13,14.46,14.47,14.47,99800
2015-04-01,14.4,14.78,14.05,14.74,14.74,122200
2015-04-02,14.8,14.94,14.28,14.79,14.79,77100
2015-04-06,14.60,14.89,14.18,14.25,14.25,59000
2015-04-07,14.3,15.0,14.3,14.49,14.49,56000
2015-04-08,14.55,15.18,14.55,15.1,15.1,89300
2015-04-09,15.16,15.21,14.56,14.96,14.96,47800
2015-04-10,15.01,15.6,14.86,15.55,15.55,82700
2015-04-13,15.48,15.96,15.31,15.93,15.93,85000
2015-04-14,15.98,16.06,15.58,15.82,15.82,44600
2015-04-15,15.9,16.25,15.65,16.02,16.02,42000
2015-04-16,16.02,16.28,15.72,16.25,16.25,106900
2015-04-17,16.13,16.31,15.72,16.11,16.11,90600
2015-04-20,16.22,16.34,15.81,16.32,16.32,103100
2015-04-21,16.35,16.45,16.17,16.38,16.38,70300
2015-04-22,16.5,16.86,16.19,16.51,16.51,181700
2015-04-23,16.5,17.02,16.5,17.0,17.0,107100
2015-04-24,17.0,17.0,16.47,16.58,16.58,72300
2015-04-27,17.0,17.0,15.35,15.49,15.49,133200
2015-04-28,15.43,15.81,14.5,15.16,15.16,158000
2015-04-29,15.46,15.46,14.451,14.89,14.89,77300
2015-04-30,14.68,14.789,13.75,13.89,13.89,133100
2015-05-01,14.04,14.4,13.65,13.85,13.85,93600
2015-05-04,13.92,14.22,13.71,13.88,13.88,157700
2015-05-05,13.77,13.81,13.2,13.37,13.37,95600
2015-05-06,13.5,13.82,13.23,13.41,13.41,82400
2015-05-07,13.52,13.71,13.25,13.47,13.47,42000
2015-05-08,13.6,14.34,13.6,14.32,14.32,102500
2015-05-11,14.4,14.99,13.51,13.6,13.6,117400
2015-05-12,13.46,13.84,13.27,13.43,13.43,116500
2015-05-13,13.51,13.954,13.35,13.45,13.45,91800
2015-05-14,13.48,13.86,13.01,13.6,13.6,95600
2015-05-15,13.63,13.8,13.21,13.43,13.43,159900
2015-05-18,13.31,13.7,13.1,13.42,13.42,141300
2015-05-19,13.38,13.59,13.01,13.37,13.37,185300
2015-05-20,13.43,13.75,13.13,13.55,13.55,69100
2015-05-21,13.59,13.722,12.68,13.25,13.25,140600
2015-05-22,13.1,13.35,12.8,13.05,13.05,90000
2015-05-26,12.98,13.366,12.5,12.71,12.71,132300
2015-05-27,12.64,13.16,12.44,13.13,13.13,141200
2015-05-28,13.15,13.568,12.8,12.85,12.85,45300
2015-05-29,13.49,14.18,13.13,13.77,13.77,453400
2015-06-01,13.87,14.01,13.21,13.5,13.5,112900
2015-06-02,13.38,13.545,12.9,13.48,13.48,115100
2015-06-03,13.46,13.48,12.926,13.41,13.41,70600
2015-06-04,13.41,13.57,12.9,13.18,13.18,80200
2015-06-05,13.14,13.6,12.77,13.56,13.56,88000
2015-06-08,13.5,13.6,13.154,13.22,13.22,82900
2015-06-09,13.16,13.2,12.56,12.69,12.69,127600
2015-06-10,12.67,13.02,12.616,12.86,12.86,103900
2015-06-11,12.81,13.04,12.59,12.6,12.6,99300
2015-06-12,12.57,12.67,12.32,12.37,12.37,69700
2015-06-15,12.25,12.65,12.02,12.61,12.61,102700
2015-06-16,12.52,12.67,12.15,12.4,12.4,79900
2015-06-17,12.51,12.528,12.22,12.26,12.26,67400
2015-06-18,12.3,13.25,12.242,13.01,13.01,129300
2015-06-19,13.03,13.05,12.44,12.59,12.59,147900
2015-06-22,12.67,12.95,12.05,12.84,12.84,101900
2015-06-23,12.77,12.92,12.455,12.76,12.76,91100
2015-06-24,12.71,12.71,12.28,12.33,12.33,81600
2015-06-25,12.36,12.36,12.0,12.2,12.2,75200
2015-06-26,12.28,12.47,11.9,12.43,12.43,420400
2015-06-29,12.23,12.35,11.5,11.52,11.52,142400
2015-06-30,11.75,12.08,11.38,11.77,11.77,100000
2015-07-01,11.93,12.19,11.74,11.82,11.82,73100
2015-07-02,11.82,12.0,11.55,11.64,11.64,35700
2015-07-06,11.54,12.105,11.5,11.97,11.97,88200
2015-07-07,12.03,12.14,11.51,12.08,12.08,172200
2015-07-08,11.92,12.05,11.51,11.65,11.65,62400
2015-07-09,11.74,12.16,11.56,11.83,11.83,83100
2015-07-10,12.05,12.19,11.74,11.86,11.86,81800
2015-07-13,11.99,12.59,11.93,12.58,12.58,75800
2015-07-14,12.61,13.2,12.46,12.91,12.91,81500
2015-07-15,13.04,13.18,12.63,12.89,12.89,49300
2015-07-16,12.91,13.24,12.82,13.05,13.05,36700
2015-07-17,13.08,13.14,12.675,12.97,12.97,40300
2015-07-20,13.0,13.0,12.4,12.59,12.59,40100
2015-07-21,12.53,12.55,12.1,12.49,12.49,26600
2015-07-22,12.3,12.77,12.24,12.67,12.67,57400
2015-07-23,12.7,12.7,12.17,12.18,12.18,67800
2015-07-24,12.03,12.44,11.45,11.5,11.5,105200
2015-07-27,11.4,11.64,11.24,11.42,11.42,34500
2015-07-28,11.55,11.9,11.16,11.68,11.68,42500
2015-07-29,11.71,11.71,10.59,10.79,10.79,171000
2015-07-30,10.77,10.77,10.26,10.59,10.59,89300
2015-07-31,10.67,10.92,10.55,10.73,10.73,52100
2015-08-03,10.69,10.9,10.29,10.4,10.4,61000
2015-08-04,10.32,10.92,10.32,10.37,10.37,40700
2015-08-05,10.41,10.61,10.31,10.35,10.35,40400
2015-08-06,10.36,10.42,9.75,9.78,9.78,139300
2015-08-07,9.73,10.495,9.53,9.8,9.8,80800
2015-08-10,9.9,10.39,9.76,10.05,10.05,134900
2015-08-11,9.9,10.22,8.87,8.93,8.93,223900
2015-08-12,8.88,9.61,8.73,9.56,9.56,115400
2015-08-13,9.62,10.73,9.33,10.53,10.53,138800
2015-08-14,10.52,10.55,9.6,10.04,10.04,88200
2015-08-17,9.96,10.23,9.91,9.98,9.98,38500
2015-08-18,9.92,10.1,9.095,9.12,9.12,67600
2015-08-19,9.05,9.57,8.92,9.09,9.09,48000
2015-08-20,8.97,9.19,8.76,8.96,8.96,74600
2015-08-21,8.68,9.615,8.68,9.12,9.12,98200
2015-08-24,8.56,9.07,8.306,8.73,8.73,149400
2015-08-25,9.16,9.16,8.49,8.65,8.65,181700
2015-08-26,8.89,8.999,8.57,8.98,8.98,66100
2015-08-27,9.04,9.35,8.75,9.13,9.13,58600
2015-08-28,9.1,9.71,8.94,9.61,9.61,58200
2015-08-31,9.54,9.568,9.13,9.21,9.21,56700
2015-09-01,9.04,9.3,8.62,8.71,8.71,65500
2015-09-02,8.82,9.18,8.67,9.15,9.15,49600
2015-09-03,9.22,9.22,8.52,8.57,8.57,49100
2015-09-04,8.48,8.87,8.465,8.76,8.76,36600
2015-09-08,8.93,9.29,8.66,9.08,9.08,72200
2015-09-09,9.2,9.67,9.09,9.5,9.5,106500
2015-09-10,9.51,10.51,9.34,10.25,10.25,208100
2015-09-11,10.09,10.85,10.09,10.84,10.84,119000
2015-09-14,10.79,10.79,10.32,10.55,10.55,52200
2015-09-15,10.52,10.94,10.52,10.72,10.72,29800
2015-09-16,10.8,10.8,10.35,10.44,10.44,57700
2015-09-17,10.4,10.96,10.4,10.81,10.81,51900
2015-09-18,10.62,11.14,10.62,11.11,11.11,82400
2015-09-21,11.23,11.28,10.99,11.12,11.12,133700
2015-09-22,10.97,11.15,10.55,10.62,10.62,54400
2015-09-23,10.59,11.08,10.27,10.67,10.67,46800
2015-09-24,10.58,10.84,10.26,10.5,10.5,36500
2015-09-25,10.7,10.75,9.33,9.41,9.41,87100
2015-09-28,8.56,9.63,8.56,9.09,9.09,72900
2015-09-29,9.1,9.36,8.38,8.51,8.51,82200
2015-09-30,8.76,8.93,8.46,8.83,8.83,56900
2015-10-01,8.8,8.94,8.53,8.9,8.9,89800
2015-10-02,8.75,9.32,8.64,9.3,9.3,38700
2015-10-05,9.34,9.89,9.28,9.85,9.85,55500
2015-10-06,9.79,9.83,9.251,9.49,9.49,36700
2015-10-07,9.53,9.88,9.29,9.61,9.61,43800
2015-10-08,9.55,9.78,9.41,9.68,9.68,52100
2015-10-09,9.72,9.92,9.57,9.68,9.68,30500
2015-10-12,9.75,9.76,9.36,9.42,9.42,34500
2015-10-13,9.38,9.61,8.91,8.92,8.92,54000
2015-10-14,9.02,9.11,8.69,8.81,8.81,54400
2015-10-15,8.78,9.495,8.78,9.43,9.43,64700
2015-10-16,9.47,9.55,8.92,9.4,9.4,32900
2015-10-19,9.39,9.69,9.08,9.23,9.23,32500
2015-10-20,9.26,9.47,9.04,9.13,9.13,54500
2015-10-21,9.22,9.24,8.7,8.72,8.72,76500
2015-10-22,8.75,8.95,8.44,8.6,8.6,99200
2015-10-23,8.79,8.79,8.51,8.6,8.6,57400
2015-10-26,8.62,8.79,8.544,8.65,8.65,85400
2015-10-27,8.58,8.7,8.25,8.5,8.5,435200
2015-10-28,8.57,8.94,8.36,8.93,8.93,149100
2015-10-29,8.93,9.18,8.72,8.79,8.79,89700
2015-10-30,8.74,9.0,8.6,8.89,8.89,162100
2015-11-02,8.95,9.06,8.84,8.92,8.92,104000
2015-11-03,8.92,9.26,8.81,9.11,9.11,69700
2015-11-04,9.11,9.18,8.8,8.95,8.95,61500
2015-11-05,8.92,9.11,8.64,9.03,9.03,58700
2015-11-06,8.95,9.0,8.5,8.57,8.57,100400
2015-11-09,8.63,9.24,8.63,9.15,9.15,73800
2015-11-10,9.08,9.08,8.89,8.96,8.96,20900
2015-11-11,8.99,9.21,8.9,8.96,8.96,32600
2015-11-12,8.9,8.97,8.68,8.72,8.72,25100
2015-11-13,8.64,8.89,8.5,8.54,8.54,45600
2015-11-16,8.5,8.62,8.21,8.58,8.58,59300
2015-11-17,8.7,8.84,8.54,8.54,8.54,34000
2015-11-18,8.61,8.76,8.52,8.62,8.62,36800
2015-11-19,8.61,8.675,8.28,8.42,8.42,49300
2015-11-20,8.51,8.51,8.27,8.31,8.31,40900
2015-11-23,8.33,8.52,8.07,8.36,8.36,139300
2015-11-24,8.27,8.4,8.06,8.36,8.36,71800
2015-11-25,8.41,8.47,8.29,8.37,8.37,47100
2015-11-27,8.4,8.42,8.31,8.35,8.35,21200
2015-11-30,8.36,8.41,8.12,8.24,8.24,80800
2015-12-01,8.34,8.4,8.0,8.1,8.1,112000
2015-12-02,8.02,8.25,7.97,7.98,7.98,38700
2015-12-03,7.99,8.02,6.97,6.98,6.98,185100
2015-12-04,7.03,7.77,7.03,7.2,7.2,146300
2015-12-07,7.25,8.38,7.03,7.6,7.6,532200
2015-12-08,7.56,7.6,6.93,6.96,6.96,154400
2015-12-09,6.96,7.15,5.92,6.03,6.03,293200
2015-12-10,6.06,6.78,6.06,6.55,6.55,135300
2015-12-11,6.4,6.6,6.35,6.36,6.36,110900
2015-12-14,6.29,6.45,6.24,6.33,6.33,74200
2015-12-15,6.32,6.45,6.26,6.3,6.3,72100
2015-12-16,6.45,6.478,6.2,6.25,6.25,152500
2015-12-17,6.36,6.45,6.2,6.33,6.33,136200
2015-12-18,6.29,6.42,6.155,6.27,6.27,292200
2015-12-21,6.27,6.625,6.2,6.5,6.5,204400
2015-12-22,6.4,6.5,6.25,6.37,6.37,104300
2015-12-23,6.39,6.57,6.39,6.49,6.49,160200
2015-12-24,6.47,6.52,6.35,6.35,6.35,92100
2015-12-28,6.39,6.51,6.11,6.15,6.15,113700
2015-12-29,6.2,6.28,5.88,5.98,5.98,404800
2015-12-30,5.94,6.5,5.88,6.37,6.37,262600
2015-12-31,6.37,6.512,6.27,6.31,6.31,106700
2016-01-04,6.23,6.39,5.954,6.08,6.08,94400
2016-01-05,6.1,6.5,5.96,6.42,6.42,97200
2016-01-06,6.28,6.33,5.96,6.11,6.11,97800
2016-01-07,5.94,6.08,5.749,5.77,5.77,159900
2016-01-08,5.77,5.966,5.68,5.75,5.75,150800
2016-01-11,5.76,6.26,5.11,5.35,5.35,271000
2016-01-12,5.38,5.61,4.77,5.09,5.09,140500
2016-01-13,5.07,5.16,4.69,4.75,4.75,89000
2016-01-14,4.77,5.24,4.55,5.06,5.06,87500
2016-01-15,4.9,4.99,4.67,4.86,4.86,72900
2016-01-19,4.93,5.14,4.65,4.81,4.81,152000
2016-01-20,4.69,5.11,4.39,5.03,5.03,132800
2016-01-21,5.05,5.3,4.94,5.1,5.1,78600
2016-01-22,5.2,5.56,5.09,5.45,5.45,85400
2016-01-25,5.45,5.62,5.41,5.52,5.52,70300
2016-01-26,5.53,5.53,5.2,5.37,5.37,67800
2016-01-27,5.33,5.385,4.96,5.0,5.0,56600
2016-01-28,5.03,5.03,4.75,4.83,4.83,47800
2016-01-29,4.83,5.16,4.8,5.04,5.04,42200
2016-02-01,5.01,5.01,4.75,4.86,4.86,43800
2016-02-02,4.78,4.92,4.53,4.64,4.64,64700
2016-02-03,4.66,4.66,4.14,4.3,4.3,121400
2016-02-04,4.16,4.85,4.16,4.41,4.41,54200
2016-02-05,4.41,4.86,4.27,4.29,4.29,60200
2016-02-08,4.26,4.39,4.05,4.22,4.22,87900
2016-02-09,4.15,4.41,4.08,4.22,4.22,52600
2016-02-10,4.22,4.48,4.07,4.11,4.11,61100
2016-02-11,4.02,4.39,4.02,4.26,4.26,42800
2016-02-12,4.29,4.38,4.06,4.28,4.28,80500
2016-02-16,4.32,4.72,4.32,4.64,4.64,49200
2016-02-17,4.66,4.77,4.31,4.35,4.35,94200
2016-02-18,4.35,4.47,4.23,4.23,4.23,26100
2016-02-19,4.23,4.43,4.08,4.2,4.2,68100
2016-02-22,4.23,4.36,4.06,4.25,4.25,42100
2016-02-23,4.25,4.37,3.98,4.16,4.16,83800
2016-02-24,4.13,4.19,3.94,4.12,4.12,52400
2016-02-25,4.15,4.42,3.88,4.36,4.36,151700
2016-02-26,4.42,4.77,4.42,4.62,4.62,48600
2016-02-29,4.64,5.0,4.64,4.81,4.81,151600
2016-03-01,4.89,4.89,4.55,4.65,4.65,77600
2016-03-02,4.61,4.89,4.54,4.79,4.79,39900
2016-03-03,4.81,5.69,4.81,5.52,5.52,131800
2016-03-04,5.5,6.2,5.281,5.68,5.68,167200
2016-03-07,5.68,5.87,5.28,5.85,5.85,81000
2016-03-08,5.84,5.92,5.21,5.26,5.26,64300
2016-03-09,5.25,5.36,5.02,5.27,5.27,41700
2016-03-10,5.39,5.39,5.01,5.06,5.06,52600
2016-03-11,5.2,5.38,5.14,5.3,5.3,38500
2016-03-14,5.16,5.43,5.03,5.27,5.27,49300
2016-03-15,5.18,5.49,4.94,5.15,5.15,65300
2016-03-16,5.33,5.696,4.68,4.77,4.77,105000
2016-03-17,4.73,4.85,4.426,4.71,4.71,123700
2016-03-18,4.75,5.23,4.575,4.93,4.93,147500
2016-03-21,4.907,5.1,4.9,4.96,4.96,88000
2016-03-22,4.94,5.12,4.85,4.9,4.9,83100
2016-03-23,4.9,4.9,4.61,4.62,4.62,43500
2016-03-24,4.61,4.74,4.44,4.54,4.54,81500
2016-03-28,4.57,4.625,4.28,4.35,4.35,65500
2016-03-29,4.34,4.6,4.059,4.49,4.49,127100
2016-03-30,4.56,4.81,4.38,4.47,4.47,72400
2016-03-31,4.5,4.85,4.5,4.66,4.66,118000
2016-04-01,4.64,5.2,4.623,5.08,5.08,89800
2016-04-04,5.0,5.5,5.0,5.13,5.13,65300
2016-04-05,5.07,5.254,4.9,4.92,4.92,54200
2016-04-06,4.85,5.25,4.85,5.22,5.22,73600
2016-04-07,5.23,5.29,4.95,5.1,5.1,83000
2016-04-08,5.15,5.26,4.935,5.06,5.06,120500
2016-04-11,5.1,5.28,4.89,5.0,5.0,51900
2016-04-12,5.0,5.25,4.9,5.06,5.06,50900
2016-04-13,5.12,5.54,5.05,5.46,5.46,148000
2016-04-14,5.5,5.849,5.5,5.72,5.72,60900
2016-04-15,5.67,5.86,5.54,5.79,5.79,43500
2016-04-18,5.79,5.99,5.67,5.97,5.97,65500
2016-04-19,6.06,6.07,5.68,5.81,5.81,53800
2016-04-20,5.83,5.92,5.54,5.58,5.58,47700
2016-04-21,5.55,5.72,5.43,5.56,5.56,76000
2016-04-22,5.57,5.64,5.38,5.57,5.57,40100
2016-04-25,5.58,5.7,5.43,5.47,5.47,52600
2016-04-26,5.48,5.58,5.15,5.33,5.33,58000
2016-04-27,5.51,5.79,5.36,5.5,5.5,112600
2016-04-28,5.48,5.77,5.38,5.48,5.48,77500
2016-04-29,5.46,5.563,5.26,5.5,5.5,76600
2016-05-02,5.43,5.67,5.12,5.45,5.45,134400
2016-05-03,5.42,5.58,5.25,5.49,5.49,109000
2016-05-04,5.4,5.57,4.79,5.1,5.1,200100
2016-05-05,5.1,5.18,4.82,5.01,5.01,176800
2016-05-06,4.94,5.15,4.9,5.08,5.08,76200
2016-05-09,5.06,5.77,5.06,5.51,5.51,111300
2016-05-10,5.76,5.76,5.5,5.67,5.67,49400
2016-05-11,5.69,5.87,5.6,5.66,5.66,34300
2016-05-12,5.68,5.68,5.45,5.5,5.5,85900
2016-05-13,5.55,5.69,5.5,5.53,5.53,27700
2016-05-16,5.62,5.84,5.55,5.6,5.6,37100
2016-05-17,5.59,5.73,5.31,5.39,5.39,61300
2016-05-18,5.37,5.53,5.36,5.46,5.46,23400
2016-05-19,5.5,5.57,5.28,5.47,5.47,54600
2016-05-20,5.5,6.43,5.44,6.35,6.35,90500
2016-05-23,6.44,6.77,6.26,6.29,6.29,65500
2016-05-24,6.42,6.5,6.13,6.46,6.46,59500
2016-05-25,6.4,6.79,6.4,6.78,6.78,52800
2016-05-26,6.88,6.96,6.65,6.79,6.79,57200
2016-05-27,6.74,8.1,6.74,7.81,7.81,276100
2016-05-31,7.96,8.899,7.9,8.32,8.32,387300
2016-06-01,8.29,8.55,8.06,8.455,8.455,137700
2016-06-02,8.5,9.19,8.48,9.165,9.165,216300
2016-06-03,9.28,9.66,8.43,8.93,8.93,208900
2016-06-06,9.45,9.45,8.34,8.6,8.6,293400
2016-06-07,8.54,8.65,7.91,8.4,8.4,382900
2016-06-08,8.48,8.8,8.21,8.71,8.71,142000
2016-06-09,8.77,8.77,8.01,8.03,8.03,104200
2016-06-10,8.0,8.245,7.35,7.5,7.5,169600
2016-06-13,7.52,7.98,7.49,7.53,7.53,155000
2016-06-14,7.54,7.751,7.06,7.18,7.18,87900
2016-06-15,7.24,7.395,7.06,7.15,7.15,73300
2016-06-16,7.13,7.34,6.94,7.2,7.2,63400
2016-06-17,7.22,7.27,6.94,7.0,7.0,88900
2016-06-20,7.16,7.35,7.0,7.09,7.09,87500
2016-06-21,7.11,7.12,6.77,7.06,7.06,107800
2016-06-22,7.03,7.15,6.78,6.92,6.92,62000
2016-06-23,7.02,7.15,6.86,7.1,7.1,124900
2016-06-24,6.75,7.01,6.7,6.99,6.99,354500
2016-06-27,6.86,6.95,6.43,6.55,6.55,96000
2016-06-28,6.64,6.96,6.64,6.83,6.83,69600
2016-06-29,6.94,6.94,6.69,6.79,6.79,64800
2016-06-30,6.77,6.87,6.61,6.77,6.77,45900
2016-07-01,6.74,6.89,6.4,6.75,6.75,53200
2016-07-05,6.75,6.79,6.49,6.58,6.58,78600
2016-07-06,6.51,6.88,6.47,6.77,6.77,48700
2016-07-07,6.78,6.93,6.6,6.77,6.77,16500
2016-07-08,6.8,6.99,6.8,6.99,6.99,61600
2016-07-11,6.98,7.14,6.9,6.98,6.98,60600
2016-07-12,6.98,7.2,6.89,7.17,7.17,58600
2016-07-13,7.22,7.22,6.8,7.06,7.06,96400
2016-07-14,7.1,7.16,6.84,7.1,7.1,60200
2016-07-15,7.16,7.51,7.02,7.07,7.07,92700
2016-07-18,7.04,7.32,6.89,7.17,7.17,141500
2016-07-19,7.17,7.4,7.067,7.33,7.33,141500
2016-07-20,7.31,7.68,7.31,7.46,7.46,99600
2016-07-21,7.52,7.55,7.21,7.33,7.33,58700
2016-07-22,7.3,7.36,7.241,7.28,7.28,23900
2016-07-25,7.35,7.35,6.92,7.26,7.26,62500
2016-07-26,7.24,7.34,7.17,7.27,7.27,35400
2016-07-27,7.34,7.54,7.3,7.51,7.51,77600
2016-07-28,7.54,7.59,7.42,7.45,7.45,66700
2016-07-29,7.375,7.625,7.3,7.4,7.4,25100
2016-08-01,7.41,7.44,7.321,7.4,7.4,15900
2016-08-02,7.312,7.5,7.3,7.36,7.36,46500
2016-08-03,7.4,7.48,7.35,7.42,7.42,31200
2016-08-04,7.44,7.51,7.32,7.39,7.39,33300
2016-08-05,7.41,7.65,7.35,7.47,7.47,77500
2016-08-08,7.47,7.904,7.47,7.73,7.73,423800
2016-08-09,7.73,7.77,7.43,7.52,7.52,92300
2016-08-10,7.456,7.47,7.11,7.21,7.21,57600
2016-08-11,7.23,7.38,7.15,7.25,7.25,41800
2016-08-12,7.26,7.5,7.2,7.41,7.41,38700
2016-08-15,7.48,7.48,7.27,7.33,7.33,29400
2016-08-16,7.29,7.405,7.16,7.23,7.23,72100
2016-08-17,7.254,7.48,7.13,7.32,7.32,84100
2016-08-18,7.33,7.41,7.25,7.33,7.33,22100
2016-08-19,7.29,7.4,7.228,7.4,7.4,53100
2016-08-22,7.4,7.45,7.26,7.4,7.4,65200
2016-08-23,8.84,8.85,7.59,7.69,7.69,1372700
2016-08-24,7.77,8.39,7.72,8.0,8.0,614400
2016-08-25,7.95,8.31,7.93,8.19,8.19,176900
2016-08-26,8.23,8.5,8.09,8.43,8.43,301800
2016-08-29,8.66,8.73,8.44,8.7,8.7,189800
2016-08-30,8.77,8.87,8.43,8.48,8.48,115500
2016-08-31,8.42,8.563,8.01,8.18,8.18,211100
2016-09-02,8.22,8.22,7.87,8.03,8.03,67700
2016-09-06,8.12,8.52,7.71,8.43,8.43,158200
2016-09-07,8.46,8.64,8.37,8.59,8.59,57900
2016-09-08,8.56,9.27,8.53,9.16,9.16,186400
2016-09-09,9.14,9.199,8.26,8.3,8.3,211500
2016-09-12,8.26,9.1,8.09,9.01,9.01,167100
2016-09-13,8.85,8.96,8.42,8.64,8.64,145900
2016-09-14,8.72,9.55,8.6,9.37,9.37,303900
2016-09-15,9.42,9.88,9.381,9.57,9.57,308000
2016-09-16,9.57,9.95,9.5,9.86,9.86,232800
2016-09-19,9.87,10.4,9.73,9.79,9.79,207400
2016-09-20,9.84,10.15,9.78,10.08,10.08,141900
2016-09-21,10.19,10.24,9.61,10.21,10.21,129300
2016-09-22,10.25,10.25,9.89,10.23,10.23,109000
2016-09-23,10.23,10.66,10.14,10.58,10.58,104500
2016-09-26,10.48,10.73,10.343,10.7,10.7,82000
2016-09-27,10.59,11.28,10.5,11.24,11.24,114100
2016-09-28,11.19,11.29,10.76,10.88,10.88,236400
2016-09-29,10.97,11.0,10.14,10.25,10.25,212600
2016-09-30,10.28,10.91,10.23,10.83,10.83,181700
2016-10-03,10.68,10.8,10.48,10.55,10.55,87300
2016-10-04,10.61,10.7,10.08,10.29,10.29,120600
2016-10-05,10.38,11.11,10.34,11.09,11.09,192500
2016-10-06,11.05,11.09,10.82,10.93,10.93,135200
2016-10-07,10.95,12.612,10.823,12.31,12.31,527600
2016-10-10,12.34,13.36,12.12,13.13,13.13,295100
2016-10-11,13.1,13.75,13.0,13.5,13.5,270900
2016-10-12,13.6,13.82,13.1,13.13,13.13,242900
2016-10-13,13.55,13.55,12.8,13.43,13.43,217700
2016-10-14,13.51,14.2,13.29,13.6,13.6,270900
2016-10-17,13.6,13.6,12.158,12.23,12.23,294700
2016-10-18,12.5,12.51,11.89,12.05,12.05,210500
2016-10-19,12.09,12.15,11.61,12.0,12.0,119300
2016-10-20,11.98,12.5,11.85,12.345,12.345,251500
2016-10-21,12.25,12.57,12.02,12.07,12.07,165500
2016-10-24,12.11,12.27,11.85,11.99,11.99,190200
2016-10-25,11.97,11.98,11.65,11.73,11.73,93400
2016-10-26,11.59,11.74,11.12,11.55,11.55,180900
2016-10-27,11.66,12.03,11.54,11.78,11.78,171400
2016-10-28,11.76,11.82,11.427,11.78,11.78,128500
2016-10-31,11.8,11.95,11.25,11.4,11.4,113800
2016-11-01,11.35,11.8,11.345,11.55,11.55,91400
2016-11-02,11.6,11.6,11.0,11.2,11.2,98800
2016-11-03,11.15,11.3,10.4,10.45,10.45,153700
2016-11-04,10.65,11.0,10.35,10.8,10.8,107000
2016-11-07,11.1,11.45,10.91,11.25,11.25,124600
2016-11-08,10.95,11.2,10.55,11.0,11.0,112200
2016-11-09,10.95,12.0,10.875,11.8,11.8,204300
2016-11-10,12.05,12.25,11.5,11.95,11.95,185400
2016-11-11,11.95,12.5,11.75,12.25,12.25,237000
2016-11-14,12.5,12.75,12.05,12.6,12.6,184300
2016-11-15,12.5,12.5,11.675,11.9,11.9,187100
2016-11-16,11.85,12.5,11.8,11.85,11.85,207300
2016-11-17,11.95,12.15,11.65,12.0,12.0,110400
2016-11-18,12.1,12.35,11.8,12.2,12.2,94500
2016-11-21,12.2,13.85,12.2,13.7,13.7,304300
2016-11-22,14.0,14.0,12.6,13.85,13.85,192200
2016-11-23,13.65,13.85,13.25,13.65,13.65,99500
2016-11-25,13.7,13.7,13.32,13.5,13.5,25600
2016-11-28,13.55,13.55,12.7,12.9,12.9,132300
2016-11-29,12.95,13.35,12.51,13.15,13.15,137500
2016-11-30,13.2,13.35,12.75,13.2,13.2,89000
2016-12-01,13.2,13.5,12.4,12.7,12.7,127400
2016-12-02,12.55,13.0,12.4,12.5,12.5,58500
2016-12-05,12.65,13.575,12.6,13.5,13.5,211100
2016-12-06,13.5,14.45,12.6,13.75,13.75,237900
2016-12-07,13.65,14.45,13.0,14.05,14.05,197100
2016-12-08,14.0,14.55,13.3,14.15,14.15,135900
2016-12-09,14.15,14.6,13.35,13.5,13.5,195100
2016-12-12,13.35,13.45,12.25,12.4,12.4,183300
2016-12-13,12.6,12.6,11.25,11.85,11.85,265400
2016-12-14,11.85,11.994,11.225,11.35,11.35,132400
2016-12-15,11.4,11.65,11.1,11.35,11.35,145600
2016-12-16,11.3,11.45,11.15,11.3,11.3,188300
2016-12-19,11.3,11.45,10.9,11.1,11.1,201200
2016-12-20,11.25,11.7,11.0,11.5,11.5,142600
2016-12-21,11.3,11.325,10.85,10.95,10.95,140900
2016-12-22,10.8,10.95,10.55,10.6,10.6,99200
2016-12-23,10.65,11.3,10.6,11.3,11.3,66600
2016-12-27,11.35,11.6,11.05,11.25,11.25,119300
2016-12-28,11.3,11.45,10.9,11.35,11.35,128500
2016-12-29,11.3,11.376,11.0,11.15,11.15,74900
2016-12-30,11.15,11.15,10.65,10.7,10.7,112000
2017-01-03,10.7,11.45,10.45,11.4,11.4,157200
2017-01-04,11.5,12.05,11.34,11.9,11.9,113200
2017-01-05,11.8,11.85,11.3,11.35,11.35,72600
2017-01-06,13.5,13.82,12.25,12.9,12.9,894300
2017-01-09,13.2,13.3,12.45,13.2,13.2,247600
2017-01-10,13.35,14.075,13.3,13.95,13.95,321600
2017-01-11,14.25,14.25,12.8,13.45,13.45,203200
2017-01-12,13.3,13.45,12.75,13.25,13.25,92800
2017-01-13,13.25,13.65,12.8,12.95,12.95,116700
2017-01-17,12.95,12.968,11.925,12.1,12.1,127900
2017-01-18,11.9,12.25,11.55,11.7,11.7,149100
2017-01-19,11.7,11.845,11.0,11.0,11.0,133800
2017-01-20,10.4,10.85,10.275,10.4,10.4,2323700
2017-01-23,10.45,10.7,10.275,10.4,10.4,374000
2017-01-24,10.45,10.75,10.15,10.6,10.6,321400
2017-01-25,10.8,10.95,10.5,10.85,10.85,202500
2017-01-26,10.95,11.2,10.3,10.4,10.4,243100
2017-01-27,10.45,10.5,9.95,10.2,10.2,431100
2017-01-30,10.15,10.18,9.555,9.7,9.7,371300
2017-01-31,9.7,10.55,9.6,10.2,10.2,684000
2017-02-01,10.35,10.4,9.55,9.75,9.75,328300
2017-02-02,6.25,7.075,5.5,5.6,5.6,3673700
2017-02-03,5.95,7.25,5.8,6.55,6.55,1701200
2017-02-06,6.4,6.65,6.1,6.3,6.3,544000
2017-02-07,6.2,6.6,6.2,6.2,6.2,414500
2017-02-08,6.2,6.65,6.0,6.65,6.65,323000
2017-02-09,6.75,7.15,6.65,6.95,6.95,372300
2017-02-10,6.95,7.15,6.75,6.85,6.85,394900
2017-02-13,6.9,6.95,6.6,6.95,6.95,253100
2017-02-14,6.9,7.0,6.75,6.95,6.95,151900
2017-02-15,6.95,7.0,6.35,6.6,6.6,366100
2017-02-16,6.65,6.85,6.35,6.4,6.4,172400
2017-02-17,6.45,6.8,6.4,6.8,6.8,206400
2017-02-21,7.15,7.45,6.8,6.95,6.95,556700
2017-02-22,6.95,6.95,6.55,6.65,6.65,188000
2017-02-23,6.65,6.65,6.35,6.45,6.45,281700
2017-02-24,6.45,6.9,6.4,6.85,6.85,171700
2017-02-27,7.0,7.15,6.75,7.05,7.05,565200
2017-02-28,7.1,7.245,6.85,7.0,7.0,248700
2017-03-01,7.2,8.0,7.05,8.0,8.0,514800
2017-03-02,7.9,8.65,7.8,8.25,8.25,510800
2017-03-03,8.25,9.05,8.05,8.8,8.8,593400
2017-03-06,8.7,8.75,8.35,8.45,8.45,319100
2017-03-07,8.5,8.55,7.9,8.0,8.0,340500
2017-03-08,8.2,8.3,8.05,8.15,8.15,207700
2017-03-09,8.15,8.85,7.9,8.8,8.8,654700
2017-03-10,8.9,10.0,8.9,9.75,9.75,699300
2017-03-13,9.75,9.95,9.5,9.9,9.9,238500
2017-03-14,9.8,10.0,9.05,9.75,9.75,296600
2017-03-15,9.75,10.15,9.65,9.8,9.8,284400
2017-03-16,9.8,10.295,9.675,10.15,10.15,247600
2017-03-17,8.5,9.85,8.31,9.5,9.5,1164200
2017-03-20,9.4,9.6,9.15,9.6,9.6,218200
2017-03-21,9.65,9.8,8.7,8.7,8.7,361400
2017-03-22,8.7,8.95,8.35,8.95,8.95,229100
2017-03-23,9.0,9.1,8.118,8.5,8.5,365500
2017-03-24,8.5,8.7,8.4,8.45,8.45,135100
2017-03-27,8.35,8.69,8.3,8.55,8.55,95700
2017-03-28,8.55,8.6,8.3,8.3,8.3,130400
2017-03-29,8.25,8.55,8.2,8.45,8.45,108400
2017-03-30,8.4,8.55,7.6,8.35,8.35,219400
2017-03-31,8.35,8.6,8.175,8.55,8.55,77400
