ledger_id,catalyst_id,train_end_year,test_year,p_success,expected_car,realized_car,clinical_success,trade_signal,model_version,computed_at
289cc967-4063-470c-9e9d-c070ae5fc285,CAT-C005,2014,2015,0.9816860167103528,0.021991138533058528,0.031201202147514224,1,STRONG LONG,wf_2014,2026-08-20 00:46:00
cdd46071-9bc9-460e-b193-5ddbdeeed82e,CAT-C016,2014,2015,0.9006741701769668,-0.1495308246517227,-0.09220051797251183,1,SHORT,wf_2014,2026-08-20 00:46:00
ac86e29b-dbc0-4cc2-9f9d-b74607317fb9,CAT-C017,2014,2015,0.9351249090680545,-0.0023232622480945566,0.07656152016213147,1,NO TRADE,wf_2014,2026-08-20 00:46:00
ff70c320-9f3d-4004-85a3-e36b00a295da,CAT-F010,2014,2015,0.8890215035129714,0.005394625022833583,-0.021006956618424447,0,LONG,wf_2014,2026-08-20 00:46:00
d165c718-b99b-4a6d-afb3-b4f02c51824a,CAT-C042,2014,2015,0.6475360440749651,-0.09932173824063724,-0.07507252810963001,1,SHORT,wf_2014,2026-08-20 00:46:00
8b6dd5a2-9d7c-4fb2-838c-256d0e11874f,CAT-C061,2014,2015,0.9769643977736459,-0.003286793768690495,0.03381620664910765,1,NO TRADE,wf_2014,2026-08-20 00:46:00
9b8e56e3-b4fb-4f08-8cfc-387aabeabe34,CAT-F013,2014,2015,0.20826392758346163,-0.008028073015298301,-0.5929877801284318,0,NO TRADE,wf_2014,2026-08-20 00:46:00
280351bc-e085-4014-8ee3-1449ff83f497,CAT-F017,2014,2015,0.6899948461660187,0.002836321397441718,0.028260313241241654,0,LONG,wf_2014,2026-08-20 00:46:00
2cf00d31-1e2a-43d4-9fb8-dde763fcb686,CAT-C071,2014,2015,0.2557855847525222,-0.00047598530472809454,0.004694546128214587,1,NO TRADE,wf_2014,2026-08-20 00:46:00
4a8d01ad-0a8c-4a14-b714-a5621074a17a,CAT-C014,2015,2016,0.06502007132602095,-0.06218061895993364,0.035313856963581344,1,NO TRADE,wf_2015,2026-08-20 00:46:00
ed97fc1d-e588-43c4-9f0b-dca984b9893c,CAT-C009,2015,2016,0.0030354035991039005,-0.40126073987476024,-0.29027961685709913,1,SHORT,wf_2015,2026-08-20 00:46:00
da503b1d-beda-48e7-9109-bb5f76207e58,CAT-F002,2015,2016,0.00364951782567393,-0.1245047593667322,0.008533279291897103,0,NO TRADE,wf_2015,2026-08-20 00:46:00
82bc8535-cb49-4117-b4c8-b9a1de3a8e60,CAT-C015,2015,2016,0.8760370925675043,-0.05598868028765828,0.020979222192336115,1,NO TRADE,wf_2015,2026-08-20 00:46:00
8cec1258-0f13-4437-9b88-b5072c13fb10,CAT-F007,2015,2016,0.0057534152858713,-0.2724491142524729,0.0646061756756943,0,NO TRADE,wf_2015,2026-08-20 00:46:00
29292778-86b0-4a17-a973-94be746b634c,CAT-F008,2015,2016,0.017277612325882312,-0.3091493880912416,-0.10734110284022683,0,SHORT,wf_2015,2026-08-20 00:46:00
9ffce1af-5f97-4ad8-9219-69c6045f69ff,CAT-C041,2015,2016,0.5841851380965475,-0.06323165938625921,-0.024841446501426112,1,NO TRADE,wf_2015,2026-08-20 00:46:00
9a2f12d4-e272-4f0f-844f-b84f209f8bcf,CAT-C060,2015,2016,0.43969439512202585,0.006132364353253339,0.045270911418670116,1,STRONG LONG,wf_2015,2026-08-20 00:46:00
8fbca97b-9842-4106-a381-25859bd23ca8,CAT-F021,2015,2016,0.8845340334208539,0.001812539794835788,-0.03710103824498889,0,STRONG LONG,wf_2015,2026-08-20 00:46:00
1881c2b8-8b01-4a26-b4bd-86d182da4ffc,CAT-F029,2015,2016,0.955710044126991,-0.057331342393696985,-0.848857949090289,0,NO TRADE,wf_2015,2026-08-20 00:46:00
109cdc76-e22b-44c7-abcb-23d1bf26acdc,CAT-C068,2015,2016,0.901954652819484,-0.047239221105069236,0.0573701756882618,1,LONG,wf_2015,2026-08-20 00:46:00
437af28b-a880-4e25-b15f-1542adebfedf,CAT-C077,2015,2016,0.1517788750148828,-0.4632572676763486,-0.018525936569317985,1,STRONG SHORT,wf_2015,2026-08-20 00:46:00
f7275dde-f5dd-4efe-9155-bc1254ce0dc0,CAT-C086,2015,2016,0.6349064698391093,-0.0028287778168756914,-0.005723310129292872,1,LONG,wf_2015,2026-08-20 00:46:00
ab08b0ad-cf4b-4401-a535-9439292f29a8,CAT-C021,2016,2017,0.7180191208840143,-0.03748489350100921,0.08373701472024314,1,SHORT,wf_2016,2026-08-20 00:46:00
877d2938-fbd3-43d8-b8f3-3fca60cf8b94,CAT-C020,2016,2017,0.6501505990403272,0.00703147033096511,-0.009730115429459733,1,LONG,wf_2016,2026-08-20 00:46:00
512f8b80-ede0-4b62-8b9f-4e919c66b618,CAT-C051,2016,2017,0.7986473946696276,-0.0015005254360162359,-0.0006345084152056136,1,NO TRADE,wf_2016,2026-08-20 00:46:00
baf0bb54-07ce-412c-adaf-70323398670b,CAT-C059,2016,2017,0.9678994542128156,0.00191052307491933,0.0077189774090526036,1,NO TRADE,wf_2016,2026-08-20 00:46:00
d1338cb1-e27d-4317-a2d5-d69d5622363a,CAT-C062,2016,2017,0.9537504575086694,-0.0017314417145402384,0.01493056748169389,1,SHORT,wf_2016,2026-08-20 00:46:00
cbc7f9bd-028c-4fd0-88a6-921d5029a50a,CAT-C037,2016,2017,0.4985374125373497,0.004419949272702495,-0.007946831859612234,1,NO TRADE,wf_2016,2026-08-20 00:46:00
9c5b21c4-953f-4897-b404-6813e31ec7c4,CAT-C055,2016,2017,0.1329238348249406,0.013408273250620656,0.007718976769925648,1,STRONG LONG,wf_2016,2026-08-20 00:46:00
bbd0d69e-dd16-4ba1-8e5d-27ad1a06d334,CAT-C058,2016,2017,0.806673415042838,0.006888939742935099,0.03901532863012315,1,LONG,wf_2016,2026-08-20 00:46:00
ad3de981-adec-4589-b6b3-021391e5352e,CAT-C076,2016,2017,0.9542594606328357,0.00025701367380990734,-0.01423142866280195,1,NO TRADE,wf_2016,2026-08-20 00:46:00
eaac6196-212b-4ac0-a0b6-6072a502f8df,CAT-F001,2017,2018,0.09521075678745756,-0.023406917897465084,-0.002995106102815514,0,SHORT,wf_2017,2026-08-20 00:46:00
b2010b31-19cc-4707-8379-6005cefacb14,CAT-C029,2017,2018,0.7954977930247185,0.001059659910234152,-0.005378209302644296,1,NO TRADE,wf_2017,2026-08-20 00:46:00
65ee47fc-fae0-4e54-8f53-be8706eb7ea9,CAT-C010,2017,2018,0.9569956236013883,-0.002025193426244815,-0.017352981166289208,1,NO TRADE,wf_2017,2026-08-20 00:46:00
0266f518-9811-4c3e-bf2f-c6c763bf9b1d,CAT-C063,2017,2018,0.5536276530208962,0.007537916051848808,0.0042042920177489534,1,NO TRADE,wf_2017,2026-08-20 00:46:00
e360f747-b01f-42c2-82b8-893f1c68c2b6,CAT-F026,2017,2018,0.5797114616141528,0.023785777644121778,-0.6557462533859838,0,STRONG LONG,wf_2017,2026-08-20 00:46:00
f450120b-2605-4042-a74d-487964a7d8b0,CAT-F027,2017,2018,0.509572808844335,0.01185271893263962,-0.003721531047757353,0,STRONG LONG,wf_2017,2026-08-20 00:46:00
c84f2eb5-2b9f-45f6-b541-9ee82bc3a6c2,CAT-C038,2017,2018,0.8029521702637987,-0.002143726732532085,0.013159903943461998,1,NO TRADE,wf_2017,2026-08-20 00:46:00
0e912e95-3caf-4647-8f01-5e4508ef05aa,CAT-C075,2017,2018,0.3091686946257941,-0.2295444190371719,-0.0056664919352691365,1,STRONG SHORT,wf_2017,2026-08-20 00:46:00
43d17835-17ec-4e0f-b075-39f47dbc092e,CAT-C082,2017,2018,0.8901092882694672,0.0005906190802111894,0.015034383616083823,1,NO TRADE,wf_2017,2026-08-20 00:46:00
3d0dfb43-a0b8-4b9b-84c9-226e9538b1db,CAT-C089,2017,2018,0.8359385139269138,0.010270193515945623,-0.014895888662783643,1,LONG,wf_2017,2026-08-20 00:46:00
5e783d26-9e9f-4a8d-9d37-64d6fb04edfa,CAT-F009,2018,2019,0.5911002414243185,-0.0490760876241477,0.002926276543369164,0,NO TRADE,wf_2018,2026-08-20 00:46:00
082da012-0cdd-466a-85b4-f2d4eb2011c5,CAT-C022,2018,2019,0.7922487837262767,0.006876998680982126,0.014755925117497938,1,STRONG LONG,wf_2018,2026-08-20 00:46:00
601fea4b-a63e-4ef4-9973-fd9323f6929e,CAT-F030,2018,2019,0.56428787117929,-0.10940915281269521,0.06166308215160504,0,SHORT,wf_2018,2026-08-20 00:46:00
0c85a65b-1192-4b9b-971d-f091ba748cb6,CAT-C072,2018,2019,0.4947443582263678,-0.013920017283478662,-0.0017665107383446083,1,NO TRADE,wf_2018,2026-08-20 00:46:00
f816285c-b8d7-4215-a21f-e9ce3903033d,CAT-C080,2018,2019,0.27249929791100636,0.0029670924001959074,0.003563162659976602,1,LONG,wf_2018,2026-08-20 00:46:00
f05a9e65-a887-4747-8b52-69e6b050fb1a,CAT-F043,2018,2019,0.9583527224553078,0.0025896146349609836,0.023410646252414253,0,NO TRADE,wf_2018,2026-08-20 00:46:00
69846dca-2844-46eb-a2de-9eebcb86f0c1,CAT-F033,2019,2020,0.5418403928843091,-0.1378736714559026,-0.198798506737758,0,NO TRADE,wf_2019,2026-08-20 00:46:00
a1efa970-9f92-4c12-9ff6-58634e58235b,CAT-F044,2019,2020,0.6853464356550726,0.014735263051382536,0.009457905289858008,0,STRONG LONG,wf_2019,2026-08-20 00:46:00
2e0ce530-de59-44c8-9d9f-07b519d23c5c,CAT-F034,2020,2021,0.3729939152224778,-0.1383894295573957,-0.045095792316597355,0,NO TRADE,wf_2020,2026-08-20 00:46:00
847ffa75-607f-49ec-802e-58959543dfbb,CAT-C043,2020,2021,0.5120802486345716,-0.018008864351791963,-0.022456223379022908,1,NO TRADE,wf_2020,2026-08-20 00:46:00
6ecbdf25-ae0b-4632-9dc4-211476259854,CAT-C088,2020,2021,0.13015034606965709,-0.006010455406619678,0.007860226818887718,1,STRONG LONG,wf_2020,2026-08-20 00:46:00
658c8740-4652-4ae0-85ac-94dcc180e6c2,CAT-C035,2021,2022,0.3829261754262583,-0.005212660433623801,0.030508772493939233,1,NO TRADE,wf_2021,2026-08-20 00:46:00
3d176433-cc95-4f3b-8c0d-23c7477a1e5a,CAT-C070,2021,2022,0.9200052206698175,-0.0029281279168278853,-0.013761320136771412,1,LONG,wf_2021,2026-08-20 00:46:00
09e27860-f43f-494d-bee9-f90b3c47078c,CAT-C073,2021,2022,0.8597975696672859,0.0945331384038567,-0.1180424384684175,1,STRONG LONG,wf_2021,2026-08-20 00:46:00
ffcce381-c7f7-4c76-a2c9-2a4644b82f91,CAT-C078,2021,2022,0.9323659445275323,-0.007449173798195298,0.021092399919839654,1,NO TRADE,wf_2021,2026-08-20 00:46:00
0e64e433-9af3-426b-8261-55f19140e058,CAT-C083,2021,2022,0.5318243774952178,-0.008098193729944792,0.019110176509990737,1,NO TRADE,wf_2021,2026-08-20 00:46:00
9b490635-265b-4849-80d0-d9c1c3f6641a,CAT-C084,2021,2022,0.7675274858377683,-0.00480434870152609,-0.08726881624761826,1,LONG,wf_2021,2026-08-20 00:46:00
1cda6c47-fe54-4c48-ab00-154d52ea3d42,CAT-C087,2021,2022,0.9500680822876009,-0.009945999276318424,0.020644599192963187,1,SHORT,wf_2021,2026-08-20 00:46:00
e00c2a9c-bc69-498a-816a-26f02bb1ba97,CAT-C090,2021,2022,0.7534002353961486,-0.03214831541033481,0.007509671685612278,1,SHORT,wf_2021,2026-08-20 00:46:00
aa8a5afd-33b3-410e-b873-7febd60cf8bd,CAT-C066,2023,2024,0.7724022290457131,-0.003560237479747737,0.001479624246839251,1,SHORT,wf_2023,2026-08-20 00:46:00
f8bfce4c-ceb9-413d-83de-feb13ffeb47c,CAT-C067,2023,2024,0.9469799300249082,-0.002564450859391975,0.03464155616074838,1,NO TRADE,wf_2023,2026-08-20 00:46:00
2fee3967-289e-4cca-9f50-e0afb151b0c4,CAT-C069,2023,2024,0.3393078040902528,0.002245524868189652,0.018615906669230766,1,LONG,wf_2023,2026-08-20 00:46:00
9a24e6fc-2db7-4743-b37d-acd2adb7a078,CAT-C085,2023,2024,0.22788593612655367,0.006175385710412644,0.0030286172757681903,1,STRONG LONG,wf_2023,2026-08-20 00:46:00
ddd777f7-1375-4b0e-a946-52e316946a60,CAT-C052,2024,2025,0.38726863335400485,-0.011043184372008326,-0.018738560813919513,1,NO TRADE,wf_2024,2026-08-20 00:46:00
52de4517-a15e-45e3-bca1-c5406f2f4fd0,CAT-C064,2024,2025,0.946768385870966,0.005685198704496537,0.029844441893854903,1,NO TRADE,wf_2024,2026-08-20 00:46:00
9c70e496-f5cb-424f-849f-1209f4fdefe4,CAT-C074,2024,2025,0.23828474000388913,0.037676179003703264,0.01771053942586911,1,STRONG LONG,wf_2024,2026-08-20 00:46:00
4375f71f-5250-460f-9b4e-7236674572ee,CAT-C065,2025,2026,0.9229071761224268,0.0036209469633496257,-0.011001756602846326,1,STRONG LONG,wf_2025,2026-08-20 00:46:00
8ca2db7b-5cb0-48c5-a2fb-215a02dc9021,CAT-C039,2025,2026,0.7396608322594486,-0.008451019511288106,-0.003280181582078561,1,NO TRADE,wf_2025,2026-08-20 00:46:00
