catalyst_id,program_id,company_id,drug_name,indication,nct_id,trial_phase,catalyst_type,line_of_therapy,biomarker_population,combination_flag,comparator,primary_endpoint,enrollment,expected_readout_date,announcement_date,announcement_timestamp,announcement_timing,announcement_source,announcement_source_url,trading_cutoff_date,trading_day_before,first_trading_day_after,clinical_success,outcome_category,met_primary_endpoint,outcome_notes,preclinical_evidence_found,n_preclinical_publications,publication_coverage_confidence,cohort_phase,data_source,created_at,updated_at,ticker_at_event,entry_cutoff_date
CAT-C023,C023,b03a28cf-8dd9-4ba2-b41b-2a9858345777,vemurafenib,melanoma_BRAF,NCT01006980,PHASE3,PHASE2_READOUT,,,,,,675.0,,2010-01-01,,UNKNOWN,LEGACY_UNTAGGED,,2009-12-31,2009-12-31,2010-01-02,1,SUCCESS,1.0,BRIM-3 Phase III; landmark BRAF program (2010 start),1,1,1.0,phase_a,migrate_programs_v1,2026-08-19 22:01:52,2026-08-19 22:01:52,RHHBY,2009-12-31
CAT-C025,C025,4cfc9f92-8a8e-4cd4-baac-7da350838fe0,olaparib,ovarian_cancer,NCT01081951,PHASE2,PHASE2_READOUT,,,,,,162.0,,2010-02-04,,UNKNOWN,LEGACY_UNTAGGED,,2010-02-03,2010-02-03,2010-02-05,1,SUCCESS,1.0,,1,6,1.0,phase_a,migrate_programs_v1,2026-08-19 22:01:52,2026-08-19 22:01:52,AZN,2010-02-03
CAT-F011,F011,4cfc9f92-8a8e-4cd4-baac-7da350838fe0,selumetinib,uveal_melanoma,NCT01143402,PHASE2,PHASE2_READOUT,,,,,,120.0,,2010-06-01,,UNKNOWN,LEGACY_UNTAGGED,,2010-05-31,2010-05-31,2010-06-02,0,UNKNOWN,,Selumetinib uveal melanoma Phase II did not meet endpoint,1,8,1.0,phase_a,migrate_programs_v1,2026-08-19 22:01:52,2026-08-19 22:01:52,AZN,2010-05-31
CAT-C057,C057,505ee5c5-4df0-42ea-8422-706953ad7a20,trametinib,melanoma_BRAF,NCT01227135,PHASE2,PHASE2_READOUT,,,,,,66.0,,2011-08-23,,UNKNOWN,INFERRED_T0_PLUS_18MO,,2011-08-22,2011-08-22,2011-08-24,1,SUCCESS,,,0,0,0.0,phase_a,expand_catalyst_v1,2026-08-19 22:02:42,2026-08-19 22:15:29,NVS,2011-08-22
CAT-C054,C054,505ee5c5-4df0-42ea-8422-706953ad7a20,ofatumumab,CLL,NCT01131247,PHASE2,PHASE2_READOUT,,,,,,37.0,,2011-11-17,,UNKNOWN,INFERRED_T0_PLUS_18MO,,2011-11-16,2011-11-16,2011-11-18,1,SUCCESS,,,1,4,1.0,phase_a,expand_catalyst_v1,2026-08-19 22:02:39,2026-08-19 22:15:29,NVS,2011-11-16
CAT-F015,F015,f127850f-2f4f-4065-aacb-5a0e1db43720,iniparib,triple_negative_breast,NCT01173497,PHASE2,PHASE2_READOUT,,,,,,44.0,,2011-12-23,,UNKNOWN,INFERRED_T0_PLUS_18MO,,2011-12-22,2011-12-22,2011-12-24,0,EFFICACY_FAILURE,,,0,0,0.0,phase_a,expand_catalyst_v1,2026-08-19 22:02:56,2026-08-19 22:15:29,SNY,2011-12-22
CAT-C008,C008,9f35fad2-060d-4aea-80af-2a38bc8048aa,mirvetuximab soravtansine,ovarian_cancer,NCT01632150,PHASE2,PHASE2_READOUT,,,,,,51.0,,2012-05-01,,UNKNOWN,LEGACY_UNTAGGED,,2012-04-30,2012-04-30,2012-05-02,1,UNKNOWN,,FORWARD I precursor studies; Phase II signal,0,0,0.0,phase_a,migrate_programs_v1,2026-08-19 22:01:52,2026-08-19 22:01:52,IMGN,2012-04-30
CAT-F037,F037,f3bbbedc-c988-439d-9866-9f0e056e1e55,bavituximab,NSCLC,NCT01157663,NA,PHASE2_READOUT,,,,,,60.0,,2012-05-24,,UNKNOWN,INFERRED_T0_PLUS_18MO,,2012-05-23,2012-05-23,2012-05-25,0,EFFICACY_FAILURE,,,1,4,1.0,phase_a,expand_catalyst_v1,2026-08-19 22:03:25,2026-08-19 22:15:29,PTLA,2012-05-23
CAT-F022,F022,185e597f-ce15-4f2b-9bd5-b441191f3bf3,rilotumumab,gastric,NCT01443065,PHASE2,PHASE2_READOUT,,,,,,162.0,,2012-06-24,,UNKNOWN,INFERRED_T0_PLUS_18MO,,2012-06-23,2012-06-23,2012-06-25,0,EFFICACY_FAILURE,,,0,0,0.0,phase_a,expand_catalyst_v1,2026-08-19 22:12:07,2026-08-19 22:15:29,AMGN,2012-06-23
CAT-C044,C044,505ee5c5-4df0-42ea-8422-706953ad7a20,pazopanib,RCC,NCT01566747,PHASE2,PHASE2_READOUT,,,,,,43.0,,2012-08-22,,UNKNOWN,INFERRED_T0_PLUS_18MO,,2012-08-21,2012-08-21,2012-08-23,1,SUCCESS,,,1,8,1.0,phase_a,expand_catalyst_v1,2026-08-19 22:02:26,2026-08-19 22:15:29,NVS,2012-08-21
CAT-C050,C050,6e105340-0502-4662-a077-030e2b413e15,inotuzumab ozogamicin,ALL,NCT01162785,PHASE1,PHASE2_READOUT,,,,,,7.0,,2012-09-22,,UNKNOWN,INFERRED_T0_PLUS_18MO,,2012-09-21,2012-09-21,2012-09-23,1,SUCCESS,,,1,5,1.0,phase_a,expand_catalyst_v1,2026-08-19 22:02:33,2026-08-19 22:15:29,PFE,2012-09-21
CAT-C003,C003,6e105340-0502-4662-a077-030e2b413e15,palbociclib,breast_cancer,NCT01684215,PHASE2,PHASE2_READOUT,,,,,,61.0,,2012-10-19,,UNKNOWN,LEGACY_UNTAGGED,,2012-10-18,2012-10-18,2012-10-20,1,UNKNOWN,,PALOMA-2 path; Phase II monotherapy/combo positive,1,8,1.0,phase_a,migrate_programs_v1,2026-08-19 22:01:52,2026-08-19 22:01:52,PFE,2012-10-18
CAT-C018,C018,f5c06943-3521-40d0-83b4-4463f4f04782,copanlisib,NHL,NCT01660451,PHASE2,PHASE2_READOUT,,,,,,227.0,,2012-11-19,,UNKNOWN,LEGACY_UNTAGGED,,2012-11-18,2012-11-18,2012-11-20,1,SUCCESS,1.0,,0,0,0.0,phase_a,migrate_programs_v1,2026-08-19 22:01:52,2026-08-19 22:01:52,BAYRY,2012-11-18
CAT-C045,C045,f5c06943-3521-40d0-83b4-4463f4f04782,regorafenib,colorectal,NCT01103323,PHASE3,PHASE2_READOUT,,,,,,760.0,,2012-11-19,,UNKNOWN,INFERRED_CTGOV_RESULTS,,2012-11-18,2012-11-18,2012-11-20,1,SUCCESS,1.0,,0,0,0.0,phase_a,expand_catalyst_v1,2026-08-19 22:02:26,2026-08-19 23:52:28,BAYRY,2012-11-18
CAT-C034,C034,f39671f0-26cd-4ed8-8864-62193fede5a4,ibrutinib,CLL,NCT01105247,PHASE1,PHASE2_READOUT,,,,,,133.0,,2012-12-08,,UNKNOWN,LEGACY_UNTAGGED,,2012-12-07,2012-12-07,2012-12-09,1,SUCCESS,,,0,0,0.0,phase_a,expand_catalyst_v1,2026-08-19 22:02:11,2026-08-19 22:02:11,ABBV,2012-12-07
CAT-C001,C001,4cfc9f92-8a8e-4cd4-baac-7da350838fe0,selumetinib,NSCLC_KRAS,NCT01750281,PHASE2,PHASE2_READOUT,,,,,,212.0,,2012-12-18,,UNKNOWN,LEGACY_UNTAGGED,,2012-12-17,2012-12-17,2012-12-19,0,EFFICACY_FAILURE,0.0,SELECT-1 selumetinib+docetaxel failed primary endpoint,1,8,1.0,phase_a,migrate_programs_v1,2026-08-19 22:01:52,2026-08-19 22:01:52,AZN,2012-12-17
CAT-F014,F014,bcd64b85-b87a-4f5d-a864-71c3b9642f6f,rindopepimut,glioblastoma,NCT01480479,PHASE3,PHASE2_READOUT,,,,,,745.0,,2013-04-24,,UNKNOWN,INFERRED_T0_PLUS_18MO,,2013-04-23,2013-04-23,2013-04-25,0,EFFICACY_FAILURE,,,0,0,0.0,phase_a,expand_catalyst_v1,2026-08-19 22:02:55,2026-08-19 22:15:29,CELG,2013-04-23
CAT-F003,F003,5bdaf555-3d79-4220-a8d8-2a3631a01463,tivozanib,RCC,NCT01030783,PHASE3,PHASE2_READOUT,,,,,,517.0,,2013-05-02,,BMO,PRESS_RELEASE,https://www.aveooncology.com/,2013-05-01,2013-05-01,2013-05-03,0,EFFICACY_FAILURE,0.0,TIVO-1 Phase III failed primary PFS vs sorafenib,1,1,1.0,phase_a,migrate_programs_v1,2026-08-19 22:01:52,2026-08-20 00:44:03,AVEO,2013-05-01
CAT-C031,C031,66cfaa72-9972-4d8d-b8e8-665b8f576030,pembrolizumab,melanoma,NCT01295827,PHASE1,PHASE2_READOUT,,,,,,1260.0,,2013-06-02,,UNKNOWN,LEGACY_UNTAGGED,,2013-06-01,2013-06-01,2013-06-03,1,SUCCESS,,,0,0,0.0,phase_a,expand_catalyst_v1,2026-08-19 22:02:08,2026-08-19 22:02:08,MRK,2013-06-01
CAT-C011,C011,5bdaf555-3d79-4220-a8d8-2a3631a01463,tivozanib,RCC,NCT01297244,PHASE2,PHASE2_READOUT,,,,,,105.0,,2013-06-03,,UNKNOWN,LEGACY_UNTAGGED,,2013-06-02,2013-06-02,2013-06-04,1,SUCCESS,1.0,Phase II supported Phase III initiation; TIVO-1 ultimately failed — label Phase II success for advancement,1,1,1.0,phase_a,migrate_programs_v1,2026-08-19 22:01:52,2026-08-19 22:01:52,AVEO,2013-06-02
CAT-F012,F012,23fbb349-507c-4c31-adc5-2e4f558d5eaa,duvelisib,follicular_lymphoma,NCT01882803,PHASE2,PHASE2_READOUT,,,,,,129.0,,2013-06-17,,UNKNOWN,LEGACY_UNTAGGED,,2013-06-16,2013-06-16,2013-06-18,0,UNKNOWN,,DYNAMO Phase II duvelisib in iNHL; mixed efficacy,0,0,0.0,phase_a,migrate_programs_v1,2026-08-19 22:01:52,2026-08-19 22:01:52,VSTM,2013-06-16
CAT-F023,F023,b03a28cf-8dd9-4ba2-b41b-2a9858345777,onartuzumab,NSCLC,NCT01456325,PHASE3,PHASE2_READOUT,,,,,,494.0,,2013-06-24,,UNKNOWN,INFERRED_T0_PLUS_18MO,,2013-06-23,2013-06-23,2013-06-25,0,EFFICACY_FAILURE,,,0,0,0.0,phase_a,expand_catalyst_v1,2026-08-19 22:03:08,2026-08-19 22:15:29,RHHBY,2013-06-23
CAT-F005,F005,f3aad893-63d8-49fd-af23-8a65eecee3b1,gedatolisib,breast_cancer,NCT01920061,PHASE1,PHASE2_READOUT,,,,,,110.0,,2013-09-10,,UNKNOWN,LEGACY_UNTAGGED,,2013-09-09,2013-09-09,2013-09-11,0,UNKNOWN,,Phase II breast combo did not advance,0,0,0.0,phase_a,migrate_programs_v1,2026-08-19 22:01:52,2026-08-19 22:01:52,BMY,2013-09-09
CAT-C027,C027,6e105340-0502-4662-a077-030e2b413e15,encorafenib,melanoma_BRAF,NCT01909453,PHASE3,PHASE2_READOUT,,,,,,921.0,,2013-09-12,,UNKNOWN,LEGACY_UNTAGGED,,2013-09-11,2013-09-11,2013-09-13,1,UNKNOWN,,,0,0,0.0,phase_a,migrate_programs_v1,2026-08-19 22:01:52,2026-08-19 22:01:52,PFE,2013-09-11
CAT-C026,C026,6e105340-0502-4662-a077-030e2b413e15,talazoparib,breast_BRCA,NCT01945775,PHASE3,PHASE2_READOUT,,,,,,431.0,,2013-10-14,,UNKNOWN,LEGACY_UNTAGGED,,2013-10-13,2013-10-13,2013-10-15,1,SUCCESS,1.0,,1,1,1.0,phase_a,migrate_programs_v1,2026-08-19 22:01:52,2026-08-19 22:01:52,PFE,2013-10-13
CAT-C019,C019,23fbb349-507c-4c31-adc5-2e4f558d5eaa,duvelisib,CLL,NCT02004522,PHASE3,PHASE2_READOUT,,,,,,319.0,,2013-11-01,,UNKNOWN,LEGACY_UNTAGGED,,2013-10-31,2013-10-31,2013-11-02,1,UNKNOWN,,,0,0,0.0,phase_a,migrate_programs_v1,2026-08-19 22:01:52,2026-08-19 22:01:52,VSTM,2013-10-31
CAT-C040,C040,bcd64b85-b87a-4f5d-a864-71c3b9642f6f,pomalidomide,myeloma,NCT01311687,PHASE3,PHASE2_READOUT,,,,,,455.0,,2014-04-30,,UNKNOWN,INFERRED_CTGOV_RESULTS,,2014-04-29,2014-04-29,2014-05-01,1,SUCCESS,1.0,,1,3,1.0,phase_a,expand_catalyst_v1,2026-08-19 22:02:19,2026-08-19 23:52:28,CELG,2014-04-29
CAT-C004,C004,4cfc9f92-8a8e-4cd4-baac-7da350838fe0,osimertinib,NSCLC_EGFR,NCT02094261,PHASE2,PHASE2_READOUT,,,,,,210.0,,2014-05-20,,UNKNOWN,LEGACY_UNTAGGED,,2014-05-19,2014-05-19,2014-05-21,1,UNKNOWN,,AURA2 Phase II EGFR T790M,0,0,0.0,phase_a,migrate_programs_v1,2026-08-19 22:01:52,2026-08-19 22:01:52,AZN,2014-05-19
CAT-C032,C032,f3aad893-63d8-49fd-af23-8a65eecee3b1,nivolumab,melanoma,NCT01721746,PHASE3,PHASE2_READOUT,,,,,,405.0,,2014-06-02,,UNKNOWN,LEGACY_UNTAGGED,,2014-06-01,2014-06-01,2014-06-03,1,SUCCESS,,,0,0,0.0,phase_a,expand_catalyst_v1,2026-08-19 22:02:09,2026-08-19 22:02:09,BMY,2014-06-01
CAT-C033,C033,f3aad893-63d8-49fd-af23-8a65eecee3b1,ipilimumab,melanoma,NCT02094391,PHASE2,PHASE2_READOUT,,,,,,4.0,,2014-06-02,,UNKNOWN,LEGACY_UNTAGGED,,2014-06-01,2014-06-01,2014-06-03,1,SUCCESS,,,1,8,1.0,phase_a,expand_catalyst_v1,2026-08-19 22:11:51,2026-08-19 22:11:51,BMY,2014-06-01
CAT-C006,C006,d31df05a-c953-4dd4-91b1-1308effee435,abemaciclib,breast_cancer,NCT02102490,PHASE2,PHASE2_READOUT,,,,,,132.0,,2014-06-10,,UNKNOWN,LEGACY_UNTAGGED,,2014-06-09,2014-06-09,2014-06-11,1,UNKNOWN,,MONARCH-1 monotherapy Phase II breast,0,0,0.0,phase_a,migrate_programs_v1,2026-08-19 22:01:52,2026-08-19 22:01:52,LLY,2014-06-09
CAT-C046,C046,d31df05a-c953-4dd4-91b1-1308effee435,ramucirumab,gastric,NCT01170663,PHASE3,PHASE2_READOUT,,,,,,665.0,,2014-07-31,,UNKNOWN,INFERRED_CTGOV_RESULTS,,2014-07-30,2014-07-30,2014-08-01,1,SUCCESS,1.0,,1,1,1.0,phase_a,expand_catalyst_v1,2026-08-19 22:02:28,2026-08-19 23:52:28,LLY,2014-07-30
CAT-C002,C002,417dd7ed-a82c-4628-82ff-47a4f3f9df1e,idelalisib,CLL,NCT02141282,PHASE2,PHASE2_READOUT,,,,,,127.0,,2014-09-10,,UNKNOWN,LEGACY_UNTAGGED,,2014-09-09,2014-09-09,2014-09-11,1,UNKNOWN,,Phase II monotherapy CLL (GS-1101),1,6,1.0,phase_a,migrate_programs_v1,2026-08-19 22:01:52,2026-08-19 22:01:52,GILD,2014-09-09
CAT-C048,C048,b03a28cf-8dd9-4ba2-b41b-2a9858345777,pertuzumab,HER2_breast,NCT01669239,PHASE2,PHASE2_READOUT,,,,,,83.0,,2014-11-23,,UNKNOWN,INFERRED_T0_PLUS_18MO,,2014-11-22,2014-11-22,2014-11-24,1,SUCCESS,,,1,8,1.0,phase_a,expand_catalyst_v1,2026-08-19 22:02:31,2026-08-19 22:15:29,RHHBY,2014-11-22
CAT-C047,C047,b03a28cf-8dd9-4ba2-b41b-2a9858345777,trastuzumab emtansine,HER2_breast,NCT01597414,PHASE2,PHASE2_READOUT,,,,,,80.0,,2014-11-23,,UNKNOWN,INFERRED_T0_PLUS_18MO,,2014-11-22,2014-11-22,2014-11-24,1,SUCCESS,,,1,4,1.0,phase_a,expand_catalyst_v1,2026-08-19 22:11:58,2026-08-19 22:15:29,RHHBY,2014-11-22
CAT-C024,C024,d7be32c6-11b6-414e-b4e3-bdda790aa1f4,cobimetinib,melanoma_BRAF,NCT02414750,PHASE2,PHASE2_READOUT,,,,,,78.0,,2014-12-01,,UNKNOWN,LEGACY_UNTAGGED,,2014-11-30,2014-11-30,2014-12-02,1,UNKNOWN,,coBRIM combo Phase II with vemurafenib,1,7,1.0,phase_a,migrate_programs_v1,2026-08-19 22:01:52,2026-08-19 22:01:52,EXEL,2014-11-30
CAT-C036,C036,f39671f0-26cd-4ed8-8864-62193fede5a4,venetoclax,CLL,NCT01889186,PHASE2,PHASE2_READOUT,,,,,,158.0,,2014-12-06,,UNKNOWN,LEGACY_UNTAGGED,,2014-12-05,2014-12-05,2014-12-07,1,SUCCESS,1.0,,0,0,0.0,phase_a,expand_catalyst_v1,2026-08-19 22:02:13,2026-08-19 22:02:13,ABBV,2014-12-05
CAT-C007,C007,b30bb00d-25e6-4de0-bc64-0691f4f930c9,neratinib,HER2_positive_breast,NCT01008150,PHASE2,PHASE2_READOUT,,,,,,141.0,,2014-12-10,,UNKNOWN,LEGACY_UNTAGGED,,2014-12-09,2014-12-09,2014-12-11,1,SUCCESS,1.0,Met pCR primary endpoint; ExteNET Phase III followed,1,6,1.0,phase_a,migrate_programs_v1,2026-08-19 22:01:52,2026-08-19 22:01:52,PBYI,2014-12-09
CAT-C061,C061,6e105340-0502-4662-a077-030e2b413e15,crizotinib,ALK_NSCLC,NCT02034981,PHASE2,PHASE2_READOUT,,,,,,246.0,,2015-01-23,,UNKNOWN,INFERRED_T0_PLUS_18MO,,2015-01-22,2015-01-22,2015-01-24,1,SUCCESS,,,1,8,1.0,phase_a,expand_catalyst_v1,2026-08-19 22:02:47,2026-08-19 22:15:29,PFE,2015-01-22
CAT-C071,C071,505ee5c5-4df0-42ea-8422-706953ad7a20,alpelisib,breast_PIK3CA,NCT01872260,PHASE1,PHASE2_READOUT,,,,,,255.0,,2015-04-15,,UNKNOWN,INFERRED_T0_PLUS_18MO,,2015-04-14,2015-04-14,2015-04-16,1,SUCCESS,,,0,0,0.0,phase_a,expand_catalyst_v1,2026-08-19 22:12:24,2026-08-19 22:15:29,NVS,2015-04-14
CAT-F010,F010,f5c06943-3521-40d0-83b4-4463f4f04782,copanlisib,endometrial,NCT02465060,PHASE2,PHASE2_READOUT,,,,,,6452.0,,2015-08-17,,UNKNOWN,LEGACY_UNTAGGED,,2015-08-16,2015-08-16,2015-08-18,0,UNKNOWN,,,1,3,1.0,phase_a,migrate_programs_v1,2026-08-19 22:01:52,2026-08-19 22:01:52,BAYRY,2015-08-16
CAT-C042,C042,d7be32c6-11b6-414e-b4e3-bdda790aa1f4,cabozantinib,RCC,NCT01578499,PHASE3,PHASE2_READOUT,,,,,,131.0,,2015-09-26,,UNKNOWN,LEGACY_UNTAGGED,,2015-09-25,2015-09-25,2015-09-27,1,SUCCESS,1.0,,1,3,1.0,phase_a,expand_catalyst_v1,2026-08-19 22:02:22,2026-08-19 22:02:22,EXEL,2015-09-25
CAT-C016,C016,f177d40c-59a1-4317-9b71-38fec1faf120,larotrectinib,NTRK_solid_tumors,NCT02576431,PHASE2,PHASE2_READOUT,,,,,,215.0,,2015-09-30,,UNKNOWN,LEGACY_UNTAGGED,,2015-09-29,2015-09-29,2015-10-01,1,UNKNOWN,,,0,0,0.0,phase_a,migrate_programs_v1,2026-08-19 22:01:52,2026-08-19 22:01:52,LOXO,2015-09-29
CAT-F017,F017,f127850f-2f4f-4065-aacb-5a0e1db43720,vandetanib,NSCLC,NCT02117167,PHASE2,PHASE2_READOUT,,,,,,999.0,,2015-10-15,,UNKNOWN,INFERRED_T0_PLUS_18MO,,2015-10-14,2015-10-14,2015-10-16,0,EFFICACY_FAILURE,,,1,8,1.0,phase_a,expand_catalyst_v1,2026-08-19 22:03:00,2026-08-19 22:15:29,SNY,2015-10-14
CAT-F013,F013,f806612e-ea96-438b-b3ca-aa7adaedfacd,ganetespib,NSCLC,NCT01791595,PHASE1,PHASE2_READOUT,,,,,,53.0,,2015-10-20,,AMC,PRESS_RELEASE,https://www.sec.gov/Archives/edgar/data/1157601/000110465915072217/a15-21591_1ex99d1.htm,2015-10-20,2015-10-20,2015-10-21,0,EFFICACY_FAILURE,,,1,7,1.0,phase_a,expand_catalyst_v1,2026-08-19 22:02:54,2026-08-20 00:44:03,SNTA,2015-10-20
CAT-C005,C005,a8cfd04c-6cfa-465c-a5c7-0dc83b3905a6,rucaparib,ovarian_cancer,NCT01891344,PHASE2,PHASE2_READOUT,,,,,,491.0,,2015-10-25,,UNKNOWN,LEGACY_UNTAGGED,,2015-10-24,2015-10-24,2015-10-26,1,SUCCESS,1.0,Positive Phase II; ARIEL3 Phase III confirmed,1,1,1.0,phase_a,migrate_programs_v1,2026-08-19 22:01:52,2026-08-19 22:01:52,CLVS,2015-10-24
CAT-C017,C017,32d6fac9-583e-47c9-857c-18fcb0017782,entrectinib,NTRK_NSCLC,NCT02568267,PHASE2,PHASE2_READOUT,,,,,,534.0,,2015-11-19,,UNKNOWN,LEGACY_UNTAGGED,,2015-11-18,2015-11-18,2015-11-20,1,UNKNOWN,,,0,0,0.0,phase_a,migrate_programs_v1,2026-08-19 22:01:52,2026-08-19 22:01:52,RXDX,2015-11-18
CAT-F029,F029,2ae3a778-98a2-4bf3-974a-797cfd54936f,pacritinib,myelofibrosis,NCT02584777,PHASE2,PHASE2_READOUT,,,,,,,,2016-02-09,,BMO,PRESS_RELEASE,https://www.prnewswire.com/news-releases/cti-biopharma-provides-update-on-clinical-hold-of-investigational-agent-pacritinib-and-new-drug-application-in-us-300217839.html,2016-02-08,2016-02-08,2016-02-10,0,SAFETY_FAILURE,,,1,4,1.0,phase_a,expand_catalyst_v1,2026-08-19 22:12:11,2026-08-20 00:44:03,CTIC,2016-02-08
CAT-F007,F007,9f35fad2-060d-4aea-80af-2a38bc8048aa,mirvetuximab soravtansine,ovarian_FRalpha,NCT02606305,PHASE1,PHASE2_READOUT,,,,,,264.0,,2016-03-02,,UNKNOWN,LEGACY_UNTAGGED,,2016-03-01,2016-03-01,2016-03-03,0,UNKNOWN,,FORWARD I Phase III failed primary PFS,1,1,1.0,phase_a,migrate_programs_v1,2026-08-19 22:01:52,2026-08-19 22:01:52,IMGN,2016-03-01
CAT-C015,C015,9b43d44d-c4eb-431a-a011-78865dddb525,umbralisib,CLL,NCT02742090,PHASE2,PHASE2_READOUT,,,,,,51.0,,2016-04-21,,UNKNOWN,LEGACY_UNTAGGED,,2016-04-20,2016-04-20,2016-04-22,1,SUCCESS,,UNITY-CLL Phase III later; Phase II positive signal,0,0,0.0,phase_a,migrate_programs_v1,2026-08-19 22:01:52,2026-08-19 22:01:52,TGTX,2016-04-20
CAT-C041,C041,bcd64b85-b87a-4f5d-a864-71c3b9642f6f,lenalidomide,myeloma,NCT01936532,PHASE2,PHASE2_READOUT,,,,,,42.0,,2016-05-05,,UNKNOWN,INFERRED_T0_PLUS_18MO,,2016-05-04,2016-05-04,2016-05-06,1,SUCCESS,,,1,8,1.0,phase_a,expand_catalyst_v1,2026-08-19 22:02:21,2026-08-19 22:15:29,CELG,2016-05-04
CAT-F008,F008,9b43d44d-c4eb-431a-a011-78865dddb525,umbralisib,MZL,NCT02793583,PHASE2,PHASE2_READOUT,,,,,,710.0,,2016-05-25,,UNKNOWN,LEGACY_UNTAGGED,,2016-05-24,2016-05-24,2016-05-26,0,SAFETY_FAILURE,,Later FDA safety concerns; program withdrawn,0,0,0.0,phase_a,migrate_programs_v1,2026-08-19 22:01:52,2026-08-19 22:01:52,TGTX,2016-05-24
CAT-C060,C060,b03a28cf-8dd9-4ba2-b41b-2a9858345777,alectinib,ALK_NSCLC,NCT01801111,PHASE1,PHASE2_READOUT,,,,,,138.0,,2016-05-26,,UNKNOWN,INFERRED_CTGOV_RESULTS,,2016-05-25,2016-05-25,2016-05-27,1,EFFICACY_FAILURE,0.0,,0,0,0.0,phase_a,expand_catalyst_v1,2026-08-19 22:02:45,2026-08-19 23:52:28,RHHBY,2016-05-25
CAT-C014,C014,eecc5d3d-8ef4-4040-8927-e3ece36d16ba,epacadostat,melanoma,NCT02178722,PHASE1,PHASE2_READOUT,,,,,,444.0,,2016-06-01,,UNKNOWN,LEGACY_UNTAGGED,,2016-05-31,2016-05-31,2016-06-02,1,SUCCESS,1.0,Encouraging melanoma combo data; advanced to ECHO-301,1,2,1.0,phase_a,migrate_programs_v1,2026-08-19 22:01:52,2026-08-19 22:01:52,INCY,2016-05-31
CAT-C009,C009,ae69ba51-dbbf-49e3-afe6-781dfbc5ab45,sacituzumab govitecan,TNBC,NCT01631552,PHASE1,PHASE2_READOUT,,,,,,515.0,,2016-06-06,,UNKNOWN,LEGACY_UNTAGGED,,2016-06-05,2016-06-05,2016-06-07,1,SUCCESS,1.0,Positive TNBC ORR from expansion cohort; advanced to ASCENT Phase III,1,2,1.0,phase_a,migrate_programs_v1,2026-08-19 22:01:52,2026-08-19 22:01:52,IMMU,2016-06-05
CAT-F002,F002,eecc5d3d-8ef4-4040-8927-e3ece36d16ba,epacadostat,melanoma,NCT02752074,PHASE3,PHASE2_READOUT,,,,,,706.0,,2016-06-21,,UNKNOWN,LEGACY_UNTAGGED,,2016-06-20,2016-06-20,2016-06-22,0,EFFICACY_FAILURE,0.0,ECHO-301 Phase III failed primary PFS vs pembrolizumab alone,1,2,1.0,phase_a,migrate_programs_v1,2026-08-19 22:01:52,2026-08-19 22:01:52,INCY,2016-06-20
CAT-C086,C086,f3aad893-63d8-49fd-af23-8a65eecee3b1,nivolumab,RCC,NCT02446860,PHASE2,PHASE2_READOUT,,,,,,15.0,,2016-09-22,,UNKNOWN,INFERRED_T0_PLUS_18MO,,2016-09-21,2016-09-21,2016-09-23,1,SUCCESS,,,1,1,1.0,phase_a,expand_catalyst_v1,2026-08-19 22:12:47,2026-08-19 22:15:29,BMY,2016-09-21
CAT-F021,F021,4cfc9f92-8a8e-4cd4-baac-7da350838fe0,cediranib,ovarian,NCT02340611,PHASE2,PHASE2_READOUT,,,,,,4.0,,2016-11-22,,UNKNOWN,INFERRED_T0_PLUS_18MO,,2016-11-21,2016-11-21,2016-11-23,0,EFFICACY_FAILURE,,,1,8,1.0,phase_a,expand_catalyst_v1,2026-08-19 22:03:06,2026-08-19 22:15:29,AZN,2016-11-21
CAT-C077,C077,b2056217-700b-43d6-9907-523ec25df9cf,tazemetostat,lymphoma_EZH2,NCT02889523,PHASE1,PHASE2_READOUT,,,,,,214.0,,2016-12-03,,BMO,PRESS_RELEASE,,2016-12-02,2016-12-02,2016-12-04,1,SUCCESS,,,1,2,1.0,phase_a,expand_catalyst_v1,2026-08-19 22:12:32,2026-08-20 00:44:03,EPZM,2016-12-02
CAT-C068,C068,6f5ea3a6-697a-4b79-986a-ddea8eaa23a3,tagraxofusp,BPDCN,NCT02113982,PHASE1,PHASE2_READOUT,,,,,,138.0,,2016-12-05,,BMO,PRESS_RELEASE,,2016-12-04,2016-12-04,2016-12-06,1,SUCCESS,,,0,0,0.0,phase_a,expand_catalyst_v1,2026-08-19 22:12:21,2026-08-20 00:44:03,STML,2016-12-04
CAT-C051,C051,185e597f-ce15-4f2b-9bd5-b441191f3bf3,blinatumomab,ALL,NCT01471782,PHASE1,PHASE2_READOUT,,,,,,93.0,,2017-02-08,,UNKNOWN,INFERRED_CTGOV_RESULTS,,2017-02-07,2017-02-07,2017-02-09,1,SUCCESS,,,0,0,0.0,phase_a,expand_catalyst_v1,2026-08-19 22:02:34,2026-08-19 23:52:28,AMGN,2017-02-07
CAT-F045,F045,5aa38eb0-30de-49f9-8aaa-6a32fe91f53a,demcizumab,pancreatic,NCT02289898,PHASE2,PHASE2_READOUT,,,,,,207.0,,2017-04-10,,BMO,PRESS_RELEASE,https://www.sec.gov/Archives/edgar/data/1302573/000156459017006246/omed-8k_20170410.htm,2017-04-09,2017-04-09,2017-04-11,0,EFFICACY_FAILURE,,,1,1,1.0,phase_a,expand_catalyst_v1,2026-08-19 22:12:58,2026-08-20 00:44:03,OMED,2017-04-09
CAT-C059,C059,505ee5c5-4df0-42ea-8422-706953ad7a20,ceritinib,ALK_NSCLC,NCT01685060,PHASE2,PHASE2_READOUT,,,,,,140.0,,2017-05-08,,UNKNOWN,INFERRED_CTGOV_RESULTS,,2017-05-07,2017-05-07,2017-05-09,1,SUCCESS,,,0,0,0.0,phase_a,expand_catalyst_v1,2026-08-19 22:02:44,2026-08-19 23:52:28,NVS,2017-05-07
CAT-C055,C055,505ee5c5-4df0-42ea-8422-706953ad7a20,vismodegib,basal_cell,NCT01898598,PHASE2,PHASE2_READOUT,,,,,,18.0,,2017-05-08,,UNKNOWN,INFERRED_CTGOV_RESULTS,,2017-05-07,2017-05-07,2017-05-09,1,SUCCESS,,,1,8,1.0,phase_a,expand_catalyst_v1,2026-08-19 22:12:01,2026-08-19 23:52:28,NVS,2017-05-07
CAT-C020,C020,417dd7ed-a82c-4628-82ff-47a4f3f9df1e,axicabtagene ciloleucel,DLBCL,NCT03105336,PHASE2,PHASE2_READOUT,,,,,,159.0,,2017-06-06,,UNKNOWN,LEGACY_UNTAGGED,,2017-06-05,2017-06-05,2017-06-07,1,UNKNOWN,,ZUMA-5/related Phase II DLBCL path,0,0,0.0,phase_a,migrate_programs_v1,2026-08-19 22:01:52,2026-08-19 22:01:52,GILD,2017-06-05
CAT-C062,C062,81f8d021-78f7-4e49-b67f-cfca4707c33f,brigatinib,ALK_NSCLC,NCT02094573,PHASE2,PHASE2_READOUT,,,,,,222.0,,2017-06-21,,UNKNOWN,INFERRED_CTGOV_RESULTS,,2017-06-20,2017-06-20,2017-06-22,1,SUCCESS,,,0,0,0.0,phase_a,expand_catalyst_v1,2026-08-19 22:02:48,2026-08-19 23:52:28,TAK,2017-06-20
CAT-C058,C058,505ee5c5-4df0-42ea-8422-706953ad7a20,dabrafenib,melanoma_BRAF,NCT01701037,PHASE2,PHASE2_READOUT,,,,,,13.0,,2017-06-23,,UNKNOWN,INFERRED_CTGOV_RESULTS,,2017-06-22,2017-06-22,2017-06-24,1,SUCCESS,,,1,5,1.0,phase_a,expand_catalyst_v1,2026-08-19 22:12:03,2026-08-19 23:52:28,NVS,2017-06-22
CAT-C021,C021,bcd64b85-b87a-4f5d-a864-71c3b9642f6f,enasidenib,AML,NCT03825796,PHASE2,PHASE2_READOUT,,,,,,2.0,,2017-08-01,,BMO,PRESS_RELEASE,,2017-07-31,2017-07-31,2017-08-02,1,UNKNOWN,,CPX-351 plus enasidenib relapsed AML Phase II,1,5,1.0,phase_a,migrate_programs_v1,2026-08-19 22:01:52,2026-08-20 00:44:03,AGIO,2017-07-31
CAT-C037,C037,c5d7f4ab-0df2-44aa-8fc7-8f42d35db605,daratumumab,myeloma,NCT03357952,PHASE2,PHASE2_READOUT,,,,,,10.0,,2017-12-08,,UNKNOWN,LEGACY_UNTAGGED,,2017-12-07,2017-12-07,2017-12-09,1,SUCCESS,,,1,8,1.0,phase_a,expand_catalyst_v1,2026-08-19 22:11:53,2026-08-19 22:11:53,JNJ,2017-12-07
CAT-C076,C076,c5d7f4ab-0df2-44aa-8fc7-8f42d35db605,erdafitinib,bladder_FGFR,NCT02699606,PHASE2,PHASE2_READOUT,,,,,,35.0,,2017-12-30,,UNKNOWN,INFERRED_T0_PLUS_18MO,,2017-12-29,2017-12-29,2017-12-31,1,SUCCESS,,,0,0,0.0,phase_a,expand_catalyst_v1,2026-08-19 22:12:30,2026-08-19 22:15:29,JNJ,2017-12-29
CAT-F001,F001,eecc5d3d-8ef4-4040-8927-e3ece36d16ba,epacadostat,head_and_neck_cancer,NCT03463161,PHASE2,PHASE2_READOUT,,,,,,2.0,,2018-03-23,,UNKNOWN,LEGACY_UNTAGGED,,2018-03-22,2018-03-22,2018-03-24,0,EFFICACY_FAILURE,0.0,Phase II HNSCC combo terminated early,1,2,1.0,phase_a,migrate_programs_v1,2026-08-19 22:01:52,2026-08-19 22:01:52,INCY,2018-03-22
CAT-F026,F026,bcd64b85-b87a-4f5d-a864-71c3b9642f6f,glembatumumab vedotin,breast,NCT02302339,PHASE2,PHASE2_READOUT,,,,,,132.0,,2018-04-16,,BMO,PRESS_RELEASE,https://ir.celldex.com/news-releases/news-release-details/celldexs-metric-study-metastatic-triple-negative-breast-cancer-0,2018-04-15,2018-04-15,2018-04-17,0,EFFICACY_FAILURE,,,1,3,1.0,phase_a,expand_catalyst_v1,2026-08-19 22:03:12,2026-08-20 00:44:03,CLDX,2018-04-15
CAT-F027,F027,b03a28cf-8dd9-4ba2-b41b-2a9858345777,pinatuzumab vedotin,DLBCL,NCT01691898,PHASE1,PHASE2_READOUT,,,,,,231.0,,2018-04-19,,UNKNOWN,INFERRED_CTGOV_RESULTS,,2018-04-18,2018-04-18,2018-04-20,0,EFFICACY_FAILURE,,,0,0,0.0,phase_a,expand_catalyst_v1,2026-08-19 22:03:12,2026-08-19 23:52:28,RHHBY,2018-04-18
CAT-C075,C075,121eb0fc-5bc6-4ce3-857d-432293ccaa70,ivosidenib,AML_IDH1,NCT03013998,PHASE1,PHASE2_READOUT,,,,,,3000.0,,2018-04-25,,UNKNOWN,INFERRED_T0_PLUS_18MO,,2018-04-24,2018-04-24,2018-04-26,1,SUCCESS,,,0,0,0.0,phase_a,expand_catalyst_v1,2026-08-19 22:12:29,2026-08-19 22:15:29,AGIO,2018-04-24
CAT-C063,C063,6e105340-0502-4662-a077-030e2b413e15,lorlatinib,ALK_NSCLC,NCT01970865,PHASE1,PHASE2_READOUT,,,,,,364.0,,2018-05-29,,UNKNOWN,INFERRED_CTGOV_RESULTS,,2018-05-28,2018-05-28,2018-05-30,1,SUCCESS,,,0,0,0.0,holdout,expand_catalyst_v1,2026-08-19 22:02:50,2026-08-19 23:52:28,PFE,2018-05-28
CAT-C010,C010,335c23f1-8e09-4b51-aec4-fda7196ff35c,belantamab mafodotin,myeloma,NCT03525678,PHASE2,PHASE2_READOUT,,,,,,221.0,,2018-06-18,,UNKNOWN,LEGACY_UNTAGGED,,2018-06-17,2018-06-17,2018-06-19,1,UNKNOWN,,DREAMM-2 Phase II pivotal,1,1,1.0,phase_a,migrate_programs_v1,2026-08-19 22:01:52,2026-08-19 22:01:52,GSK,2018-06-17
CAT-F004,F004,a8cfd04c-6cfa-465c-a5c7-0dc83b3905a6,rucaparib,prostate_cancer,NCT03442556,PHASE2,PHASE2_READOUT,,,,,,18.0,,2018-08-24,,UNKNOWN,LEGACY_UNTAGGED,,2018-08-23,2018-08-23,2018-08-25,0,EFFICACY_FAILURE,0.0,TRITON3 Phase III rucaparib vs physician's choice in BRCA-mutant mCRPC — failed primary,1,1,1.0,phase_a,migrate_programs_v1,2026-08-19 22:01:52,2026-08-19 22:01:52,CLVS,2018-08-23
CAT-C029,C029,185e597f-ce15-4f2b-9bd5-b441191f3bf3,sotorasib,NSCLC_KRAS_G12C,NCT03600883,PHASE1,PHASE2_READOUT,,,,,,713.0,,2018-08-27,,UNKNOWN,LEGACY_UNTAGGED,,2018-08-26,2018-08-26,2018-08-28,1,UNKNOWN,,,0,0,0.0,phase_a,migrate_programs_v1,2026-08-19 22:01:52,2026-08-19 22:01:52,AMGN,2018-08-26
CAT-C038,C038,f3aad893-63d8-49fd-af23-8a65eecee3b1,elotuzumab,myeloma,NCT03104270,PHASE2,PHASE2_READOUT,,,,,,13.0,,2018-09-04,,UNKNOWN,INFERRED_T0_PLUS_18MO,,2018-09-03,2018-09-03,2018-09-05,1,SUCCESS,,,1,1,1.0,phase_a,expand_catalyst_v1,2026-08-19 22:11:53,2026-08-19 22:15:29,BMY,2018-09-03
CAT-C089,C089,801ee7ea-636e-4f12-804a-0282f97266e5,lenvatinib,thyroid,NCT03139747,PHASE2,PHASE2_READOUT,,,,,,5.0,,2018-09-25,,UNKNOWN,INFERRED_T0_PLUS_18MO,,2018-09-24,2018-09-24,2018-09-26,1,SUCCESS,,,1,8,1.0,phase_a,expand_catalyst_v1,2026-08-19 22:12:52,2026-08-19 22:15:29,EIS,2018-09-24
CAT-C082,C082,4cfc9f92-8a8e-4cd4-baac-7da350838fe0,acalabrutinib,MCL,NCT02213926,PHASE2,PHASE2_READOUT,,,,,,124.0,,2018-10-19,,UNKNOWN,INFERRED_CTGOV_RESULTS,,2018-10-18,2018-10-18,2018-10-20,1,SUCCESS,,,0,0,0.0,phase_a,expand_catalyst_v1,2026-08-19 22:12:38,2026-08-19 23:52:28,AZN,2018-10-18
CAT-F028,F028,f7bc3120-3e08-4f7f-a0a2-0ebda8cf1b50,denintuzumab mafodotin,DLBCL,NCT02855359,PHASE2,PHASE2_READOUT,,,,,,24.0,,2019-01-08,,UNKNOWN,INFERRED_CTGOV_RESULTS,,2019-01-07,2019-01-07,2019-01-09,0,EFFICACY_FAILURE,,,0,0,0.0,phase_a,expand_catalyst_v1,2026-08-19 22:03:13,2026-08-19 23:52:28,SGEN,2019-01-07
CAT-C030,C030,4b2ba383-03e6-4aa2-9e70-4c9cf5088e66,adagrasib,NSCLC_KRAS_G12C,NCT03785249,PHASE1,PHASE2_READOUT,,,,,,731.0,,2019-01-15,,UNKNOWN,LEGACY_UNTAGGED,,2019-01-14,2019-01-14,2019-01-16,1,UNKNOWN,,,0,0,0.0,phase_a,migrate_programs_v1,2026-08-19 22:01:52,2026-08-19 22:01:52,MRTX,2019-01-14
CAT-C022,C022,505ee5c5-4df0-42ea-8422-706953ad7a20,midostaurin,AML_FLT3,NCT03591510,PHASE2,PHASE2_READOUT,,,,,,22.0,,2019-03-13,,UNKNOWN,LEGACY_UNTAGGED,,2019-03-12,2019-03-12,2019-03-14,1,UNKNOWN,,Global midostaurin+chemo Phase II (2019 start; RATIFY follow-on era),1,8,1.0,phase_a,migrate_programs_v1,2026-08-19 22:01:52,2026-08-19 22:01:52,NVS,2019-03-12
CAT-F009,F009,9bf7b6b8-571e-41fc-bc7c-7f3a1c18dd9e,tipifarnib,head_neck_squamous,NCT03719690,PHASE2,PHASE2_READOUT,,,,,,296.0,,2019-03-15,,UNKNOWN,LEGACY_UNTAGGED,,2019-03-14,2019-03-14,2019-03-16,0,UNKNOWN,,,1,8,1.0,phase_a,migrate_programs_v1,2026-08-19 22:01:52,2026-08-19 22:01:52,KURA,2019-03-14
CAT-F030,F030,85efaa54-2fce-4061-8f92-627679ead303,quizartinib,AML_FLT3,NCT03135054,PHASE2,PHASE2_READOUT,,,,,,40.0,,2019-03-25,,UNKNOWN,INFERRED_T0_PLUS_18MO,,2019-03-24,2019-03-24,2019-03-26,0,EFFICACY_FAILURE,,,1,8,1.0,phase_a,expand_catalyst_v1,2026-08-19 22:12:12,2026-08-19 22:15:29,DNLI,2019-03-24
CAT-F043,F043,d31df05a-c953-4dd4-91b1-1308effee435,dalotuzumab,breast,NCT01605396,PHASE2,PHASE2_READOUT,,,,,,80.0,,2019-03-25,,UNKNOWN,INFERRED_CTGOV_RESULTS,,2019-03-24,2019-03-24,2019-03-26,0,EFFICACY_FAILURE,0.0,,1,1,1.0,phase_a,expand_catalyst_v1,2026-08-19 22:12:56,2026-08-19 23:52:28,LLY,2019-03-24
CAT-C080,C080,335c23f1-8e09-4b51-aec4-fda7196ff35c,niraparib,ovarian,NCT01847274,PHASE3,PHASE2_READOUT,,,,,,596.0,,2019-05-01,,UNKNOWN,INFERRED_CTGOV_RESULTS,,2019-04-30,2019-04-30,2019-05-02,1,SUCCESS,1.0,,0,0,0.0,phase_a,expand_catalyst_v1,2026-08-19 22:12:36,2026-08-19 23:52:28,GSK,2019-04-30
CAT-C072,C072,66cfaa72-9972-4d8d-b8e8-665b8f576030,tepotinib,NSCLC_MET,NCT01988493,PHASE1,PHASE2_READOUT,,,,,,117.0,,2019-07-24,,UNKNOWN,INFERRED_CTGOV_RESULTS,,2019-07-23,2019-07-23,2019-07-25,1,SUCCESS,1.0,,0,0,0.0,phase_a,expand_catalyst_v1,2026-08-19 22:12:25,2026-08-19 23:52:28,MRK,2019-07-23
CAT-F044,F044,417dd7ed-a82c-4628-82ff-47a4f3f9df1e,simtuzumab,myelofibrosis,NCT01369498,PHASE2,PHASE2_READOUT,,,,,,54.0,,2020-07-01,,UNKNOWN,INFERRED_CTGOV_RESULTS,,2020-06-30,2020-06-30,2020-07-02,0,EFFICACY_FAILURE,,,0,0,0.0,phase_a,expand_catalyst_v1,2026-08-19 22:12:57,2026-08-19 23:52:28,GILD,2020-06-30
CAT-F033,F033,177cba8f-efa3-4220-85c8-e9b16774e65d,plitidepsin,multiple_myeloma,NCT03117361,PHASE2,PHASE2_READOUT,,,,,,10.0,,2020-12-02,,UNKNOWN,INFERRED_CTGOV_RESULTS,,2020-12-01,2020-12-01,2020-12-03,0,EFFICACY_FAILURE,,,1,8,1.0,phase_a,expand_catalyst_v1,2026-08-19 22:03:20,2026-08-19 23:52:28,PLYX,2020-12-01
CAT-F034,F034,3aede576-3cde-4de5-8dc8-4d4f555675ca,pelareorep,pancreatic,NCT03723915,PHASE2,PHASE2_READOUT,,,,,,17.0,,2021-01-20,,UNKNOWN,INFERRED_CTGOV_RESULTS,,2021-01-19,2021-01-19,2021-01-21,0,EFFICACY_FAILURE,,,1,3,1.0,phase_a,expand_catalyst_v1,2026-08-19 22:03:22,2026-08-19 23:52:28,ONCY,2021-01-19
CAT-C088,C088,f5c06943-3521-40d0-83b4-4463f4f04782,regorafenib,HCC,NCT03970447,PHASE2,PHASE2_READOUT,,,,,,2250.0,,2021-01-20,,UNKNOWN,INFERRED_T0_PLUS_18MO,,2021-01-19,2021-01-19,2021-01-21,1,SUCCESS,,,1,8,1.0,phase_a,expand_catalyst_v1,2026-08-19 22:12:50,2026-08-19 22:15:29,BAYRY,2021-01-19
CAT-C043,C043,6e105340-0502-4662-a077-030e2b413e15,axitinib,RCC,NCT01727336,PHASE2,PHASE2_READOUT,,,,,,160.0,,2021-05-24,,UNKNOWN,INFERRED_CTGOV_RESULTS,,2021-05-23,2021-05-23,2021-05-25,1,SUCCESS,,,1,8,1.0,phase_a,expand_catalyst_v1,2026-08-19 22:11:57,2026-08-19 23:52:28,PFE,2021-05-23
CAT-C035,C035,4cfc9f92-8a8e-4cd4-baac-7da350838fe0,acalabrutinib,CLL,NCT02717611,PHASE2,PHASE2_READOUT,,,,,,60.0,,2022-02-09,,UNKNOWN,INFERRED_CTGOV_RESULTS,,2022-02-08,2022-02-08,2022-02-10,1,SUCCESS,,,0,0,0.0,phase_a,expand_catalyst_v1,2026-08-19 22:02:12,2026-08-19 23:52:28,AZN,2022-02-08
CAT-C078,C078,505ee5c5-4df0-42ea-8422-706953ad7a20,capmatinib,NSCLC_MET,NCT02750215,PHASE2,PHASE2_READOUT,,,,,,20.0,,2022-03-14,,UNKNOWN,INFERRED_CTGOV_RESULTS,,2022-03-13,2022-03-13,2022-03-15,1,SUCCESS,,,1,1,1.0,phase_a,expand_catalyst_v1,2026-08-19 22:12:34,2026-08-19 23:52:28,NVS,2022-03-13
CAT-C087,C087,d7be32c6-11b6-414e-b4e3-bdda790aa1f4,cabozantinib,HCC,NCT04522908,PHASE2,PHASE2_READOUT,,,,,,40.0,,2022-04-05,,UNKNOWN,INFERRED_T0_PLUS_18MO,,2022-04-04,2022-04-04,2022-04-06,1,SUCCESS,,,1,8,1.0,phase_a,expand_catalyst_v1,2026-08-19 22:12:49,2026-08-19 22:15:29,EXEL,2022-04-04
CAT-C084,C084,f39671f0-26cd-4ed8-8864-62193fede5a4,venetoclax,CLL_combo,NCT04560322,PHASE2,PHASE2_READOUT,,,,,,40.0,,2022-04-12,,UNKNOWN,INFERRED_T0_PLUS_18MO,,2022-04-11,2022-04-11,2022-04-13,1,SUCCESS,,,1,8,1.0,phase_a,expand_catalyst_v1,2026-08-19 22:12:42,2026-08-19 22:15:29,ABBV,2022-04-11
CAT-C090,C090,801ee7ea-636e-4f12-804a-0282f97266e5,lenvatinib,HCC,NCT04511455,PHASE2,PHASE2_READOUT,,,,,,22.0,,2022-06-01,,UNKNOWN,INFERRED_T0_PLUS_18MO,,2022-05-31,2022-05-31,2022-06-02,1,SUCCESS,,,1,8,1.0,phase_a,expand_catalyst_v1,2026-08-19 22:12:53,2026-08-19 22:15:29,EIS,2022-05-31
CAT-C081,C081,a8cfd04c-6cfa-465c-a5c7-0dc83b3905a6,rucaparib,prostate,NCT02952534,PHASE2,PHASE2_READOUT,,,,,,277.0,,2022-06-08,,UNKNOWN,INFERRED_CTGOV_RESULTS,,2022-06-07,2022-06-07,2022-06-09,1,SUCCESS,,,1,8,1.0,phase_a,expand_catalyst_v1,2026-08-19 22:12:37,2026-08-19 23:52:28,CLVS,2022-06-07
CAT-C073,C073,af8fd145-4ec5-4f4a-b027-d9a507092944,infigratinib,cholangiocarcinoma,NCT02150967,PHASE2,PHASE2_READOUT,,,,,,143.0,,2022-07-15,,UNKNOWN,INFERRED_CTGOV_RESULTS,,2022-07-14,2022-07-14,2022-07-16,1,SAFETY_FAILURE,,,0,0,0.0,phase_a,expand_catalyst_v1,2026-08-19 22:12:26,2026-08-19 23:52:28,QED,2022-07-14
CAT-C083,C083,f39671f0-26cd-4ed8-8864-62193fede5a4,ibrutinib,WM,NCT04062448,PHASE2,PHASE2_READOUT,,,,,,16.0,,2022-12-01,,UNKNOWN,INFERRED_CTGOV_RESULTS,,2022-11-30,2022-11-30,2022-12-02,1,SUCCESS,,,1,8,1.0,phase_a,expand_catalyst_v1,2026-08-19 22:12:40,2026-08-19 23:52:28,ABBV,2022-11-30
CAT-C070,C070,f3aad893-63d8-49fd-af23-8a65eecee3b1,lisocabtagene maraleucel,LBCL,NCT03483103,PHASE2,PHASE2_READOUT,,,,,,74.0,,2022-12-29,,UNKNOWN,INFERRED_CTGOV_RESULTS,,2022-12-28,2022-12-28,2022-12-30,1,SUCCESS,1.0,,0,0,0.0,phase_a,expand_catalyst_v1,2026-08-19 22:12:23,2026-08-19 23:52:28,BMY,2022-12-28
CAT-C069,C069,505ee5c5-4df0-42ea-8422-706953ad7a20,tisagenlecleucel,DLBCL,NCT02445248,PHASE2,PHASE2_READOUT,,,,,,115.0,,2024-04-18,,UNKNOWN,INFERRED_CTGOV_RESULTS,,2024-04-17,2024-04-17,2024-04-19,1,SUCCESS,,,0,0,0.0,phase_a,expand_catalyst_v1,2026-08-19 22:12:22,2026-08-19 23:52:28,NVS,2024-04-17
CAT-C067,C067,b03a28cf-8dd9-4ba2-b41b-2a9858345777,atezolizumab,bladder,NCT02451423,PHASE2,PHASE2_READOUT,,,,,,23.0,,2024-05-31,,UNKNOWN,INFERRED_CTGOV_RESULTS,,2024-05-30,2024-05-30,2024-06-01,1,SUCCESS,,,0,0,0.0,phase_a,expand_catalyst_v1,2026-08-19 22:12:20,2026-08-19 23:52:28,RHHBY,2024-05-30
CAT-C066,C066,4cfc9f92-8a8e-4cd4-baac-7da350838fe0,durvalumab,NSCLC,NCT02888743,PHASE2,PHASE2_READOUT,,,,,,110.0,,2024-06-25,,UNKNOWN,INFERRED_CTGOV_RESULTS,,2024-06-24,2024-06-24,2024-06-26,1,EFFICACY_FAILURE,0.0,,1,1,1.0,phase_a,expand_catalyst_v1,2026-08-19 22:12:19,2026-08-19 23:52:28,AZN,2024-06-24
CAT-C085,C085,66cfaa72-9972-4d8d-b8e8-665b8f576030,pembrolizumab,NSCLC,NCT03625323,PHASE2,PHASE2_READOUT,,,,,,187.0,,2024-12-18,,UNKNOWN,INFERRED_CTGOV_RESULTS,,2024-12-17,2024-12-17,2024-12-19,1,SUCCESS,,,1,8,1.0,phase_a,expand_catalyst_v1,2026-08-19 22:12:45,2026-08-19 23:52:28,MRK,2024-12-17
CAT-C052,C052,f39671f0-26cd-4ed8-8864-62193fede5a4,ibrutinib,MCL,NCT04477486,PHASE2,PHASE2_READOUT,,,,,,13.0,,2025-01-14,,UNKNOWN,INFERRED_CTGOV_RESULTS,,2025-01-13,2025-01-13,2025-01-15,1,SUCCESS,1.0,,1,8,1.0,phase_a,expand_catalyst_v1,2026-08-19 22:02:37,2026-08-19 23:52:28,ABBV,2025-01-13
CAT-C064,C064,b03a28cf-8dd9-4ba2-b41b-2a9858345777,pralsetinib,RET_NSCLC,NCT03037385,PHASE1,PHASE2_READOUT,,,,,,590.0,,2025-05-31,,UNKNOWN,INFERRED_CTGOV_RESULTS,,2025-05-30,2025-05-30,2025-06-01,1,SUCCESS,,,0,0,0.0,holdout,expand_catalyst_v1,2026-08-19 22:02:50,2026-08-19 23:52:28,RHHBY,2025-05-30
CAT-C074,C074,6e105340-0502-4662-a077-030e2b413e15,glasdegib,AML,NCT03226418,PHASE2,PHASE2_READOUT,,,,,,75.0,,2025-11-05,,UNKNOWN,INFERRED_CTGOV_RESULTS,,2025-11-04,2025-11-04,2025-11-06,1,SUCCESS,,,1,1,1.0,phase_a,expand_catalyst_v1,2026-08-19 22:12:28,2026-08-19 23:52:28,PFE,2025-11-04
CAT-C039,C039,185e597f-ce15-4f2b-9bd5-b441191f3bf3,carfilzomib,myeloma,NCT02773030,PHASE1,PHASE2_READOUT,,,,,,466.0,,2026-03-20,,UNKNOWN,INFERRED_CTGOV_RESULTS,,2026-03-19,2026-03-19,2026-03-21,1,SUCCESS,,,1,8,1.0,phase_a,expand_catalyst_v1,2026-08-19 22:11:56,2026-08-19 23:52:28,AMGN,2026-03-19
CAT-C065,C065,d31df05a-c953-4dd4-91b1-1308effee435,selpercatinib,RET_NSCLC,NCT03157128,PHASE1,PHASE2_READOUT,,,,,,857.0,,2026-04-16,,UNKNOWN,INFERRED_CTGOV_RESULTS,,2026-04-15,2026-04-15,2026-04-17,1,SUCCESS,,,0,0,0.0,holdout,expand_catalyst_v1,2026-08-19 22:02:52,2026-08-19 23:52:28,LLY,2026-04-15
