prediction_id,catalyst_id,ticker,drug_name,announcement_date,train_end_year,test_year,catalyst_year,feature_timestamp,p_failure,p_success,car_failure_pred,car_success_pred,expected_car,expected_short_return,net_expected_short_return,p_major_drop,tail_risk_score,major_drop_threshold,company_dependency,realized_car,realized_short_return,clinical_failure,major_negative_event,model_version,feature_set,program_id,indication,modality,clinical_success,outcome_category,feature_cutoff_date,exposure_as_of,is_lead_asset,is_single_asset_company,market_cap_usd,exposure_source,market_feature_as_of,return_1d,return_5d,return_20d,return_60d,return_120d,abnormal_return_20d_xbi,abnormal_return_60d_xbi,distance_from_52w_high,realized_vol_20d,volume_ratio_20d,pre_catalyst_runup_60d,price_at_cutoff,volume_ratio_20d_mf,phase_numeric,log_enrollment,is_randomized,is_blinded,is_combination,endpoint_os,endpoint_pfs,endpoint_orr,wong_pos_rate,n_prior_same_drug,prior_success_rate_same_drug,trial_source_observed_at,preclinical_evidence_found,n_preclinical_publications,n_animal_studies,median_effect_size,market_features_point_in_time,company_features_point_in_time,clinical_features_point_in_time,feature_as_of_date,structured_features_point_in_time,efficacy_safety_failure,catastrophic_drop,is_small_cap,is_large_cap,high_momentum,high_volatility,high_dependency,phase_3,phase_2
30704e07-1729-4165-8be4-9fe0e85667d9,CAT-C016,LOXO,larotrectinib,2015-09-30,2014,2015,2015,2015-09-28,0.6513029755305955,0.34869702446940454,-0.1582074029857803,-0.1239808741720223,-0.13164544280745588,0.13164544280745588,0.12628829995031302,0.05800705586666163,0.030466540260723967,0.35,0.9,-0.09220024572534707,0.08720024572534707,0,0,short_wf_2014,everything_no_preclinical,C016,NTRK_solid_tumors,small_molecule,1,UNKNOWN,2015-09-29,2015-09-28,1.0,1.0,18.540001,heuristic_small_cap,2015-09-28,-0.12547169219473153,-0.10650597590361444,-0.09605065821550463,0.08294392038879117,0.5284419620774954,0.08283540709307247,0.32135036190341093,-0.18791060008760396,0.7146558576068348,2.184490659146986,0.08294392038879117,18.540001,2.184490659146986,,,,,,,,,,,,2026-08-19 21:43:19,0,0,0,,True,True,False,2015-09-28,False,0,0,1,0,0,1,1,0,0
233b60b6-0631-490e-bfe1-cc8e7e044b85,CAT-C042,EXEL,cabozantinib,2015-09-26,2014,2015,2015,2015-09-25,0.3397452389117498,0.6602547610882502,-0.02876964097587241,-0.11007551577613765,-0.07008439712961381,0.07008439712961381,0.06472725427247095,0.0009210498460396052,0.00048375498113543877,0.35,0.85,-0.08511581177220816,0.08011581177220815,0,0,short_wf_2014,everything_no_preclinical,C042,RCC,small_molecule,1,SUCCESS,2015-09-25,2015-09-25,0.0,0.0,1214553730.4358473,sec_edgar,2015-09-24,-0.008000030517578138,-0.0032154311255848667,0.09929077234686012,0.6489361236677182,1.2627736451407485,0.1060197679283762,0.78659725763646,-0.06344412138286237,0.5864877284428407,1.1269659617513612,0.6489361236677182,6.199999809265137,1.1269659617513612,,,,,,,,,,,,2026-08-19 22:02:22,1,3,3,,True,True,False,2015-09-25,False,0,0,1,0,1,1,1,0,0
75a6dfe4-9045-448c-bb81-2cc18668be7b,CAT-GH0003,NBIX,ORILISSA (Elagolix),2015-08-01,2014,2015,2015,2015-07-30,0.6425862843926211,0.3574137156073789,-0.0901194258910164,-0.048502910017224524,-0.06772060108973788,0.06772060108973788,0.062363458232595016,0.0032508595790871884,0.0017074206364805803,0.35,0.9,-0.012862094433976862,0.007862094433976861,0,0,short_wf_2014,everything_no_preclinical,GH0003,Endometriosis,small_molecule,1,SUCCESS,2015-07-31,2015-07-30,1.0,1.0,50.02000045776367,heuristic_small_cap,2015-07-30,-0.012633229206003072,-0.025900643736682882,0.0495174279879842,0.4046616006859389,0.4759516482329018,0.03651684005227507,0.1999704071088768,-0.06522141605758758,0.398215343354198,0.8924903110606092,0.4046616006859389,50.02000045776367,0.8924903110606092,,,,,,,,,,,,2026-08-20 02:16:29,0,0,0,,True,True,False,2015-07-30,False,0,0,1,0,1,1,1,0,0
c517ed21-b039-4f49-a40f-dc1b53953565,CAT-C009,IMMU,sacituzumab govitecan,2016-06-06,2015,2016,2016,2016-06-03,0.9556389878034338,0.044361012196566185,-0.17529700575294838,-0.17991507564295606,-0.15795168120689723,0.15795168120689723,0.15259453834975437,0.6540887463137044,0.3657038798046889,0.35,0.9,-0.2902801836201279,0.2852801836201279,0,1,short_wf_2015,everything_no_preclinical,C009,TNBC,ADC,1,SUCCESS,2016-06-05,2016-06-03,1.0,1.0,4.52,heuristic_small_cap,2016-06-03,-0.1471698113207548,0.04387990762124727,0.3063583815028903,0.7865612648221361,0.47231270358306165,0.15495129108835726,0.6351435687656146,-0.1471698113207548,0.8635213021572788,4.678929555194023,0.7865612648221361,4.52,4.678929555194023,,,,,,,,,,,,2026-08-19 21:07:44,1,2,2,,True,True,False,2016-06-03,False,0,0,1,0,1,1,1,0,0
8727df26-274d-48c9-869e-d60c643b7197,CAT-F029,CTIC,pacritinib,2016-02-09,2015,2016,2016,2016-02-05,0.40554299821425405,0.594457001785746,-0.4045172286096194,-0.01112836443852188,-0.15359801749071184,0.15359801749071184,0.14824087463356897,0.8964222911192924,0.5011936249527016,0.35,0.9,-0.8488583752019353,0.8438583752019353,1,1,short_wf_2015,everything_no_preclinical,F029,myelofibrosis,small_molecule,0,SAFETY_FAILURE,2016-02-08,2016-02-05,1.0,1.0,1.12,heuristic_small_cap,2016-02-05,-0.01754385964912264,-0.11111111111111105,-0.06666666666666676,-0.1384615384615384,-0.37078651685393327,0.14895944557849594,0.18026855226058824,-0.602836879432624,0.6288279768485686,0.5708363693549655,-0.1384615384615384,1.12,0.5708363693549655,,,,,,,,,,,,2026-08-19 22:12:11,1,4,4,,True,True,False,2016-02-05,False,1,1,1,0,0,1,1,0,0
43637f74-ae6b-4370-ad90-54804a5ef6e4,CAT-GH0019,AMPE,Ampion,2016-06-30,2015,2016,2016,2016-06-28,0.9760034137051925,0.023996586294807498,-0.26899001625585045,0.01002278516774372,-0.23606519534021989,0.23606519534021989,0.23070805248307702,0.7666051001645557,0.42861226551936826,0.35,0.9,-0.7033479773261059,0.6983479773261059,1,1,short_wf_2015,everything_no_preclinical,GH0019,Osteoarthritis of the Knee,small_molecule,0,EFFICACY_FAILURE,2016-06-29,2016-06-28,1.0,1.0,1044.0,heuristic_small_cap,2016-06-28,0.0028818443804035088,0.04504504504504525,-0.08421052631578974,0.24731182795698858,0.1717171717171726,0.019258387292343748,0.28121496124560075,-0.17339667458432306,0.6102498013817603,4.378950220962228,0.24731182795698858,1044.0,4.378950220962228,,,,,,,,,,,,2026-08-20 02:16:41,0,0,0,,True,True,False,2016-06-28,False,1,1,1,0,1,1,1,0,0
1a2a3cb0-61ea-4db3-97a1-4b7e508f3ba9,CAT-C021,AGIO,enasidenib,2017-08-01,2016,2017,2017,2017-07-28,0.26080894450236697,0.7391910554976331,-0.0778102705083904,0.004030866334316562,-0.009522718800376992,0.009522718800376992,0.004165575943234134,0.002910022871379604,0.001983524854825321,0.65,0.55,0.08373682946466258,-0.08873682946466259,0,0,short_wf_2016,everything_no_preclinical,C021,AML,small_molecule,1,UNKNOWN,2017-07-31,2017-07-28,0.0,0.0,56.56999969482422,heuristic_mid_cap,2017-07-28,0.006046597107519203,-0.010494988513870651,0.07855097944623668,0.20901899097957277,0.2735254846177162,0.0591189505396994,0.07589202916389826,-0.1588104134598629,0.3162231806495261,0.6786129295349727,0.20901899097957277,56.56999969482422,0.6786129295349727,,,,,,,,,,,,2026-08-19 21:49:20,1,5,5,,True,True,False,2017-07-28,False,0,0,0,0,1,1,0,0,0
66ddab0b-706b-4646-ac1c-7665d05b790c,CAT-C051,AMGN,blinatumomab,2017-02-08,2016,2017,2017,2017-02-06,0.4431856297173886,0.5568143702826114,0.0,-0.030874565327318942,-0.0034382803300960895,0.0034382803300960895,-0.0019188625270467677,0.0021201676578205962,0.0014961301263018275,0.65,0.2,-0.0006351720458921128,-0.004364827954107887,0,0,short_wf_2016,everything_no_preclinical,C051,ALL,mAb,1,SUCCESS,2017-02-07,2017-02-06,0.0,0.0,125.18782043457031,heuristic_large_pharma,2017-02-06,-0.005670639228863794,0.07867652269559589,0.06250819935601859,0.2113057639756868,-0.039378720159688796,0.02272950180428479,0.0711581025901884,-0.045067307765053966,0.2613231134855676,1.2250806085500803,0.2113057639756868,125.18782043457031,1.2250806085500803,,,,,,,,,,,,2026-08-19 22:02:34,0,0,0,,True,True,False,2017-02-06,False,0,0,0,1,1,0,0,0,0
a18ab9a9-7fc6-4b15-bdd2-dcf422e9f4e4,CAT-F026,CLDX,glembatumumab vedotin,2018-04-16,2017,2018,2018,2018-04-13,0.5374972545069681,0.46250274549303194,-0.11365693481051485,-0.03876681988434686,-0.07111804594218613,0.07111804594218613,0.06576090308504326,0.06846545693231387,0.051640216732994786,0.65,0.9,-0.6557458251937142,0.6507458251937142,1,1,short_wf_2017,everything_no_preclinical,F026,breast,ADC,0,EFFICACY_FAILURE,2018-04-15,2018-04-13,1.0,1.0,32.25,heuristic_small_cap,2018-04-13,-0.040178527840138756,0.08040199624319433,-0.13654614946382782,-0.22101452146467426,-0.2760942636970535,-0.08981892156895765,-0.23937668931565403,-0.3639053350158129,0.5382824328377311,0.7623728706205964,-0.22101452146467426,32.25,0.7623728706205964,,,,,,,,,,,,2026-08-19 22:03:11,1,3,3,,True,True,False,2018-04-13,False,1,1,1,0,0,1,1,0,0
3b76fc92-7db4-499e-a91b-1897884d9598,CAT-C075,AGIO,ivosidenib,2018-04-25,2017,2018,2018,2018-04-24,0.40608165899555304,0.593918341004447,-0.1589961630067717,-0.0002467100804444357,-0.055005158595993274,0.055005158595993274,0.04964801573885042,0.015772228214737616,0.009433437884390038,0.65,0.85,-0.005666180994536883,0.0006661809945368831,0,0,short_wf_2017,everything_no_preclinical,C075,AML_IDH1,small_molecule,1,SUCCESS,2018-04-24,2018-04-24,0.0,0.0,3616603387.655884,sec_edgar,2018-04-23,-0.009138152851593362,-0.0041849918042986545,0.050398534108491155,0.11232309162356735,0.32950493956816085,0.0564934993675541,0.18877986439888306,-0.0297881665663845,0.6654809623719163,0.8398455672144445,0.11232309162356735,85.66000366210938,0.8398455672144445,,,,,,,,,,,,2026-08-19 22:12:29,0,0,0,,True,True,False,2018-04-24,False,0,0,1,0,0,1,1,0,0
a0832fdb-c9a9-43ae-b0aa-c4f248661b28,CAT-F030,DNLI,quizartinib,2019-03-25,2018,2019,2019,2019-03-24,0.38254253281043155,0.6174574671895685,-0.45498921061506753,-0.011268975569758241,-0.15385921242174624,0.15385921242174624,0.14850206956460338,0.17447743562409193,0.1072685834613836,0.65,0.85,0.06166313974200313,-0.06666313974200314,1,0,short_wf_2018,everything_no_preclinical,F030,AML_FLT3,small_molecule,0,EFFICACY_FAILURE,2019-03-24,2019-03-24,1.0,1.0,1701493107.6422195,sec_edgar,2019-03-22,-0.042814908708210586,-0.20352167476769134,-0.09450646287516251,0.06400437813706938,-0.08384356183124742,-0.11923227028235706,-0.27901002458260127,-0.21095330369424414,0.7049907393145802,1.8686880442867912,0.06400437813706938,19.450000762939453,1.8686880442867912,,,,,,,,,,,,2026-08-19 22:12:12,1,8,8,,True,True,False,2019-03-24,False,1,0,1,0,0,1,1,0,0
01863804-5125-4451-8a21-8ea321f6107c,CAT-C072,MRK,tepotinib,2019-07-24,2018,2019,2019,2019-07-22,0.37194357218238494,0.6280564278176151,-0.05546526676153041,-0.0010538423347193355,-0.0042583643807118645,0.0042583643807118645,-0.0010987784764309927,0.0030273496795606802,0.002039588719394505,0.65,0.2,-0.0017662139408558828,-0.0032337860591441173,0,0,short_wf_2018,everything_no_preclinical,C072,NSCLC_MET,small_molecule,1,SUCCESS,2019-07-23,2019-07-22,0.0,0.0,62.31201934814453,heuristic_large_pharma,2019-07-22,-0.002211847193550165,0.0030879176234339667,-0.03973049682079843,0.07089827833863915,0.12395420078753139,-0.024145007678557096,0.07495610610998293,-0.06547763572974075,0.24460069550556707,0.8524888349210932,0.07089827833863915,62.31201934814453,0.8524888349210932,,,,,,,,,,,,2026-08-19 22:12:25,0,0,0,,True,True,False,2019-07-22,False,0,0,0,1,0,0,0,0,0
a08c5a82-9456-483d-a394-1cdee759b1c9,CAT-F033,PLYX,plitidepsin,2020-12-02,2019,2020,2020,2020-11-30,0.3023651850991985,0.6976348149008015,-0.3395203734686375,-0.012760939249664822,-0.1004054544541745,0.1004054544541745,0.09504831159703163,0.4371588928027927,0.2611160252964031,0.35,0.9,-0.19879848564864472,0.1937984856486447,1,0,short_wf_2019,everything_no_preclinical,F033,multiple_myeloma,small_molecule,0,EFFICACY_FAILURE,2020-12-01,2020-11-30,1.0,1.0,89.89270782470703,heuristic_small_cap,2020-11-30,0.007816675208826673,0.06850835002195055,-0.19079496258503537,0.1270395063010863,0.26934445559471665,-0.37196236304903585,-0.19551670845448976,-0.28434279823603004,0.6544485081911325,0.8534124820150275,0.1270395063010863,89.89270782470703,0.8534124820150275,,,,,,,,,,,,2026-08-19 22:03:20,1,8,8,,True,True,False,2020-11-30,False,1,0,1,0,0,1,1,0,0
c1ca816b-35fc-4212-bef0-3629947f0e4b,CAT-F034,ONCY,pelareorep,2021-05-20,2020,2021,2021,2021-05-18,0.5344485119220923,0.4655514880779077,-0.27322576025296386,0.05369904915960397,-0.1089228858672209,0.1089228858672209,0.10356574301007804,0.22102882141046934,0.1581407739713337,0.35,0.9,0.027571135293932247,-0.03257113529393225,1,0,short_wf_2020,everything_no_preclinical,F034,pancreatic,oncolytic,0,EFFICACY_FAILURE,2021-05-19,2021-05-18,1.0,1.0,2.869999885559082,heuristic_small_cap,2021-05-18,0.04744521006199487,0.0830187857639102,-0.04966890606450014,-0.13030305241531415,0.09125466185357434,-0.041016665325003254,0.04517761199814707,-0.38146552410725343,0.3733329233469252,0.31213119813077933,-0.13030305241531415,2.869999885559082,0.31213119813077933,,,,,,,,,,,,2026-08-19 22:03:22,1,3,3,,True,True,False,2021-05-18,False,1,0,1,0,0,1,1,0,0
9eb604d0-684d-4e0d-abd8-c9556ea888ea,CAT-C087,EXEL,cabozantinib,2021-11-20,2020,2021,2021,2021-11-18,0.7516187094993263,0.2483812905006737,-0.17156621119360024,-0.05175633267692083,-0.12762691105760862,0.12762691105760862,0.12226976820046576,0.10614527345147508,0.07449996366414693,0.35,0.9,-0.002265757412992026,-0.002734242587007974,0,0,short_wf_2020,everything_no_preclinical,C087,HCC,small_molecule,1,SUCCESS,2021-11-19,2022-04-04,,,7133141839.797974,sec_edgar,2021-11-18,-0.02181204742471121,-0.019618855295746807,-0.18002813719282473,-0.07509254826822542,-0.23591086773782588,-0.1669467588754776,-0.021360666079743407,-0.31572769418783253,0.481713653513445,0.9992024036380037,-0.07509254826822542,17.489999771118164,0.9992024036380037,,,,,,,,,,,,2026-08-19 22:12:49,1,8,8,,True,False,False,2021-11-18,False,0,0,1,0,0,1,1,0,0
