catalyst_id,drug_name,indication,ticker,catalyst_year,clinical_success,realized_car,p_success,e_car_given_success,e_car_given_failure,expected_car
CAT-C005,rucaparib,ovarian_cancer,CLVS,2015,1,0.031200931449105834,0.6944173165238442,0.02254277773883853,-0.029488400586574422,0.006642950641732443
CAT-C016,larotrectinib,NTRK_solid_tumors,LOXO,2015,1,-0.09220024572534707,0.4935948685221547,-0.18079881364838776,-0.1688292900444138,-0.17473738547399015
CAT-C017,entrectinib,NTRK_NSCLC,RXDX,2015,1,0.07656144334314827,0.442975770198713,0.00533302142776973,0.022579564887921268,0.014939764015395065
CAT-F010,copanlisib,endometrial,BAYRY,2015,0,-0.02100615364745248,0.7764774556304276,0.028405152852887642,0.048349031006291086,0.03286305924233311
CAT-C042,cabozantinib,RCC,EXEL,2015,1,-0.08511581177220816,0.5492432378216284,-0.10851653283873625,-0.16711681572545728,-0.13493100661549123
CAT-C061,crizotinib,ALK_NSCLC,PFE,2015,1,0.03381638256978818,0.6466633971342757,-0.014439871673210791,-0.05989987160119481,-0.030502553614040737
CAT-F013,ganetespib,NSCLC,SNTA,2015,0,-0.5929874680823646,0.7158782505631855,0.006935794296679076,-0.013558916282297682,0.0011128012727790108
CAT-F017,vandetanib,NSCLC,SNY,2015,0,0.02826020641360781,0.7151924212293754,-0.0043881819289570256,0.07366802357974117,0.017842816969997594
CAT-C071,alpelisib,breast_PIK3CA,NVS,2015,1,0.004694140174658712,0.5656376219255126,-0.012332064836993138,0.0005188312187884986,-0.006750119065815775
CAT-GH0003,ORILISSA (Elagolix),Endometriosis,NBIX,2015,1,-0.012862094433976862,0.5339229181257432,-0.06800071834128622,-0.09378145692449764,-0.08001652974871246
CAT-GH0006,Omecamtiv mecarbil - (GALACTIC-HF),Acute heart failure,CYTK,2015,1,0.09057813635218662,0.7004400262640723,0.004468083238008453,-0.038089199026912046,-0.008280375119543593
CAT-C014,epacadostat,melanoma,INCY,2016,1,0.03531367542187344,0.3973744976840782,0.004572409728600459,-0.1476610497064874,-0.08716735523275987
CAT-C009,sacituzumab govitecan,TNBC,IMMU,2016,1,-0.2902801836201279,0.049849412006800826,-0.24972206398766522,-0.44653330440098793,-0.4367223797900547
CAT-F002,epacadostat,melanoma,INCY,2016,0,0.008533792010383259,0.6989409316797586,-0.08102994816353348,-0.2773851874484846,-0.14014447356245896
CAT-C015,umbralisib,CLL,TGTX,2016,1,0.020978538627065065,0.5685105433511286,-0.0481642042873452,-0.2524002346254282,-0.13628989804604705
CAT-F007,mirvetuximab soravtansine,ovarian_FRalpha,IMGN,2016,0,0.06460607029330892,0.6337085164143629,0.041583960108932526,-0.30461862319639027,-0.08522709775115428
CAT-F008,umbralisib,MZL,TGTX,2016,0,-0.10733960563148863,0.46452306433414303,0.0010600432740665027,-0.37012046954961164,-0.19769856031163802
CAT-C041,lenalidomide,myeloma,CELG,2016,1,-0.024841449622866982,0.5317661326222558,-0.024914933539367162,-0.12571908557737865,-0.0721148514958594
CAT-C060,alectinib,ALK_NSCLC,RHHBY,2016,1,0.045271183949247534,0.563816396425885,0.009475497130513126,0.04786798376231609,0.02622167029974398
CAT-F021,cediranib,ovarian,AZN,2016,0,-0.03710114749879352,0.702509740895801,0.010696675404418186,-0.03798345733916275,-0.00378518989869651
CAT-F029,pacritinib,myelofibrosis,CTIC,2016,0,-0.8488583752019353,0.6293466479090022,-0.017024603704131565,-0.45515135195401374,-0.17941775158367912
CAT-C068,tagraxofusp,BPDCN,STML,2016,1,0.0573696080242457,0.8608266286467965,-0.04003696033677756,-0.41319864733946743,-0.0919711303767908
CAT-C077,tazemetostat,lymphoma_EZH2,EPZM,2016,1,0.036944384778991535,0.7853706593030467,-0.1122591250488393,-0.585360738825886,-0.21380061249647148
CAT-GH0019,Ampion,Osteoarthritis of the Knee,AMPE,2016,0,-0.7033479773261059,0.028191620883881514,-0.006310924599235815,-0.3155652885918467,-0.3068469068054811
CAT-GH0021,MEPSEVII (vestronidase alfa),Mucopolysaccharidosis 7 (MPS 7),RARE,2016,1,-0.020373803151044992,0.5704315176095669,0.03475228383139538,-0.25282938211939116,-0.08878373597439648
CAT-C021,enasidenib,AML,AGIO,2017,1,0.08373682946466258,0.7516299823105881,0.017026289589894255,-0.1704782272393781,-0.02954421057183676
CAT-C020,axicabtagene ciloleucel,DLBCL,GILD,2017,1,-0.009730097951238591,0.46503450907107435,-0.0033676445359130396,0.14991096725321068,0.07863112326875973
CAT-C051,blinatumomab,ALL,AMGN,2017,1,-0.0006351720458921128,0.5507871618855446,-0.03617597794453281,0.06973889472323683,0.011402342605087153
CAT-C059,ceritinib,ALK_NSCLC,NVS,2017,1,0.007718950732735232,0.6775840230884268,0.008877899435541195,0.118954917484548,0.0443684887453246
CAT-C062,brigatinib,ALK_NSCLC,TAK,2017,1,0.014930502208963638,0.5463248237753978,-0.017191465288362243,0.09384291521911603,0.0331820768553575
CAT-C037,daratumumab,myeloma,JNJ,2017,1,-0.007946419079025512,0.4054984418837712,0.004756776325225937,0.026153824606565762,0.017477354867570637
CAT-C055,vismodegib,basal_cell,NVS,2017,1,0.007719253574147414,0.6775840230884268,0.008877899435541195,0.118954917484548,0.0443684887453246
CAT-C058,dabrafenib,melanoma_BRAF,NVS,2017,1,0.03901574295306122,0.7178235117989608,0.008722780652021785,0.15090382777488076,0.048842929217896604
CAT-C086,nivolumab,RCC,BMY,2017,1,0.007753020161169792,0.5491238854295494,0.017718274654121905,0.08252492999601593,0.046938047612981426
CAT-F001,epacadostat,head_and_neck_cancer,INCY,2018,0,-0.012034108303025636,0.6652818423838875,0.0018431557708370144,0.35654155100116225,0.12056714913172317
CAT-C029,sotorasib,NSCLC_KRAS_G12C,AMGN,2018,1,-0.0053786630154630975,0.6763482566792688,0.016609226162273862,0.012373785438310136,0.015238418388231383
CAT-C010,belantamab mafodotin,myeloma,GSK,2018,1,-0.017353165939594153,0.7497509362018607,-0.012088884564652435,0.06758229191614229,0.007848752761362775
CAT-C063,lorlatinib,ALK_NSCLC,PFE,2018,1,0.004204343213806176,0.6536635652381082,-0.0005888700706598619,0.1259275806485014,0.04322838641014304
CAT-F026,glembatumumab vedotin,breast,CLDX,2018,0,-0.6557458251937142,0.4651560961709072,-0.05608867966418187,0.19911717387271105,0.08040661532152565
CAT-F027,pinatuzumab vedotin,DLBCL,RHHBY,2018,0,-0.003721600244831284,0.42303489221392027,-0.012717030874715238,0.13052687095334964,0.06992970238321283
CAT-C038,elotuzumab,myeloma,BMY,2018,1,0.006956237491506005,0.49472184901554783,0.03946436204995845,0.2579504514966824,0.14986060934142273
CAT-C075,ivosidenib,AML_IDH1,AGIO,2018,1,-0.005666180994536883,0.6432861208576273,0.034250722084568946,-0.39599656483550777,-0.11922445662317305
CAT-C076,erdafitinib,bladder_FGFR,JNJ,2018,1,-0.006819977885898169,0.45296149346623915,0.0342636503175993,0.032709765386220585,0.033413615425412574
CAT-C089,lenvatinib,thyroid,EIS,2018,1,-0.014896415401998573,0.7760767380314899,0.005401228709344478,0.09472664388791635,0.025403267052821754
CAT-F009,tipifarnib,head_neck_squamous,KURA,2019,0,0.10528063746120447,0.45963148971944207,0.05279600558751875,-0.23718941159272877,-0.10390298229725772
CAT-C022,midostaurin,AML_FLT3,NVS,2019,1,0.014756001227076413,0.6930910869858717,0.010720764400985983,0.13971586746537681,0.05031051126662362
CAT-F030,quizartinib,AML_FLT3,DNLI,2019,0,0.06166313974200313,0.6594467841736593,0.004675012142117512,-0.20945507577293,-0.06824767790252897
CAT-C072,tepotinib,NSCLC_MET,MRK,2019,1,-0.0017662139408558828,0.6131065478470251,-0.0025844768374986486,-0.12694295429816546,-0.050697957486743946
CAT-C080,niraparib,ovarian,GSK,2019,1,0.005903236354924986,0.5169376909069101,-0.014895924435388236,0.01930430128155755,0.0016249155709444725
CAT-C082,acalabrutinib,MCL,AZN,2019,1,-0.023285248435195458,0.7160677602316065,0.02305036190038165,0.062305770652283654,0.03419623803033299
CAT-F043,dalotuzumab,breast,LLY,2019,0,0.023410588566085352,0.8086632141122435,0.0006345544871966863,0.06571389924302776,0.013086627140458624
CAT-F033,plitidepsin,multiple_myeloma,PLYX,2020,0,-0.19879848564864472,0.6728725781361787,-0.023163205864846374,-0.34585873188592475,-0.1287257613391114
CAT-F044,simtuzumab,myelofibrosis,GILD,2020,0,0.009457309479454785,0.6374969732309842,0.04243488332702581,0.21294217681000113,0.10424429330079724
CAT-C035,acalabrutinib,CLL,AZN,2021,1,-0.008107880332327323,0.44618532241282066,-0.027166726870034658,-0.2689189424683,-0.16105265220757423
CAT-F034,pelareorep,pancreatic,ONCY,2021,0,0.027571135293932247,0.5015224408972675,0.041137688449203215,-0.1898888508934098,-0.07402385697025392
CAT-C043,axitinib,RCC,PFE,2021,1,-0.02245626961498108,0.7812876874557138,-0.006341501711457303,-0.15473236756235137,-0.0387964111421553
CAT-C084,venetoclax,CLL_combo,ABBV,2021,1,0.02926752748691767,0.607745751325745,-0.004180120095067368,-0.1405196750622181,-0.057659889793289364
CAT-C087,cabozantinib,HCC,EXEL,2021,1,-0.002265757412992026,0.3323162828865587,-0.035270590794460877,-0.29333090604657586,-0.2075732613214595
CAT-C088,regorafenib,HCC,BAYRY,2021,1,0.007860245555431127,0.5735765094125463,-0.019303796897907486,-0.06339591023675487,-0.03810570977523641
CAT-C070,lisocabtagene maraleucel,LBCL,BMY,2022,1,-0.013761108403468126,0.5790996156939419,-0.007399423135919062,-0.09242161070282263,-0.04318529455737054
CAT-C073,infigratinib,cholangiocarcinoma,QED,2022,1,-0.11804272012636968,0.7361685808878317,0.13122203482705894,0.2569721262315946,0.16439885989580247
CAT-C078,capmatinib,NSCLC_MET,NVS,2022,1,0.021092374818546582,0.6246952779223622,-0.019053567829471405,-0.17439362300023184,-0.07735342406285857
CAT-C083,ibrutinib,WM,ABBV,2022,1,0.019110051178846503,0.7806206969441029,0.001798896877115915,-0.0763829123128387,-0.015352573934625462
CAT-C090,lenvatinib,HCC,EIS,2022,1,0.007509676226855576,0.553441824123997,0.03318080168366983,-0.15004260479445133,-0.04863910849098739
CAT-C066,durvalumab,NSCLC,AZN,2024,1,0.001479582446675733,0.7610468941744438,0.01382501029912858,-0.09341072592856532,-0.01179930192796899
CAT-C067,atezolizumab,bladder,RHHBY,2024,1,0.0346416104358166,0.6810747879146734,-0.004991177369749401,-0.026678486362649342,-0.011907806989870026
CAT-C069,tisagenlecleucel,DLBCL,NVS,2024,1,0.01861586865570035,0.463639583486701,-0.0047355918120174385,0.02196550921789653,0.009585821857750894
CAT-C085,pembrolizumab,NSCLC,MRK,2024,1,0.00302862446008984,0.5357923573279236,-0.020056103872205355,0.06309378753961473,0.01854271120851477
CAT-C052,ibrutinib,MCL,ABBV,2025,1,-0.01873855643877253,0.6600358148648204,-0.0016478704711180116,-0.03660688960765805,-0.013532684924996995
CAT-C064,pralsetinib,RET_NSCLC,RHHBY,2025,1,0.005569295437767758,0.6768629266893429,0.03881959859571422,-0.07671329158772608,0.0014866385907157734
CAT-C074,glasdegib,AML,PFE,2025,1,0.01771044033671715,0.19127377004870852,-0.011967086163933308,0.12719521779412735,0.10057711926740477
CAT-C065,selpercatinib,RET_NSCLC,LLY,2026,1,-0.01100174266005216,0.5744293491749869,0.01773093551150458,0.007335064643015143,0.013306757980108736
CAT-C039,carfilzomib,myeloma,AMGN,2026,1,-0.0032801903984818574,0.7413914586757432,-0.002951849187805591,-0.1474953081825743,-0.04033202227640526
