ledger_id,catalyst_id,train_end_year,test_year,p_success,expected_car,realized_car,clinical_success,trade_signal,model_version,computed_at,drug_name,indication,ticker_at_event,company_dependency,expected_car_adj,side,gross_return,slippage_cost,net_return,position_pct
cdd46071-9bc9-460e-b193-5ddbdeeed82e,CAT-C016,2014,2015,0.9006741701769668,-0.1495308246517227,-0.09220051797251183,1,SHORT,wf_2014,2026-08-20 00:46:00,larotrectinib,NTRK_solid_tumors,LOXO,0.9,-0.13457774218655044,-1,0.09220051797251183,0.005,0.08720051797251183,0.05
d165c718-b99b-4a6d-afb3-b4f02c51824a,CAT-C042,2014,2015,0.6475360440749651,-0.09932173824063724,-0.07507252810963001,1,SHORT,wf_2014,2026-08-20 00:46:00,cabozantinib,RCC,EXEL,0.85,-0.08442347750454166,-1,0.07507252810963001,0.005,0.07007252810963001,0.05
289cc967-4063-470c-9e9d-c070ae5fc285,CAT-C005,2014,2015,0.9816860167103528,0.021991138533058528,0.031201202147514224,1,STRONG LONG,wf_2014,2026-08-20 00:46:00,rucaparib,ovarian_cancer,CLVS,0.9,0.019792024679752676,1,0.031201202147514224,0.005,0.026201202147514223,0.05
280351bc-e085-4014-8ee3-1449ff83f497,CAT-F017,2014,2015,0.6899948461660187,0.002836321397441718,0.028260313241241654,0,LONG,wf_2014,2026-08-20 00:46:00,vandetanib,NSCLC,SNY,0.2,0.0005672642794883437,1,0.028260313241241654,0.005,0.023260313241241653,0.05
ff70c320-9f3d-4004-85a3-e36b00a295da,CAT-F010,2014,2015,0.8890215035129714,0.005394625022833583,-0.021006956618424447,0,LONG,wf_2014,2026-08-20 00:46:00,copanlisib,endometrial,BAYRY,0.2,0.0010789250045667167,1,-0.021006956618424447,0.005,-0.02600695661842445,0.05
1881c2b8-8b01-4a26-b4bd-86d182da4ffc,CAT-F029,2015,2016,0.955710044126991,-0.057331342393696985,-0.848857949090289,0,NO TRADE,wf_2015,2026-08-20 00:46:00,pacritinib,myelofibrosis,CTIC,0.9,-0.05159820815432729,-1,0.848857949090289,0.005,0.843857949090289,0.05
ed97fc1d-e588-43c4-9f0b-dca984b9893c,CAT-C009,2015,2016,0.0030354035991039005,-0.40126073987476024,-0.29027961685709913,1,SHORT,wf_2015,2026-08-20 00:46:00,sacituzumab govitecan,TNBC,IMMU,0.9,-0.3611346658872842,-1,0.29027961685709913,0.005,0.2852796168570991,0.05
29292778-86b0-4a17-a973-94be746b634c,CAT-F008,2015,2016,0.017277612325882312,-0.3091493880912416,-0.10734110284022683,0,SHORT,wf_2015,2026-08-20 00:46:00,umbralisib,MZL,TGTX,0.85,-0.26277697987755533,-1,0.10734110284022683,0.005,0.10234110284022682,0.05
109cdc76-e22b-44c7-abcb-23d1bf26acdc,CAT-C068,2015,2016,0.901954652819484,-0.047239221105069236,0.0573701756882618,1,LONG,wf_2015,2026-08-20 00:46:00,tagraxofusp,BPDCN,STML,0.55,-0.025981571607788082,1,0.0573701756882618,0.005,0.0523701756882618,0.05
9a2f12d4-e272-4f0f-844f-b84f209f8bcf,CAT-C060,2015,2016,0.43969439512202585,0.006132364353253339,0.045270911418670116,1,STRONG LONG,wf_2015,2026-08-20 00:46:00,alectinib,ALK_NSCLC,RHHBY,0.2,0.001226472870650668,1,0.045270911418670116,0.005,0.04027091141867012,0.05
9ffce1af-5f97-4ad8-9219-69c6045f69ff,CAT-C041,2015,2016,0.5841851380965475,-0.06323165938625921,-0.024841446501426112,1,NO TRADE,wf_2015,2026-08-20 00:46:00,lenalidomide,myeloma,CELG,0.9,-0.056908493447633296,-1,0.024841446501426112,0.005,0.01984144650142611,0.05
437af28b-a880-4e25-b15f-1542adebfedf,CAT-C077,2015,2016,0.1517788750148828,-0.4632572676763486,-0.018525936569317985,1,STRONG SHORT,wf_2015,2026-08-20 00:46:00,tazemetostat,lymphoma_EZH2,EPZM,0.9,-0.41693154090871376,-1,0.018525936569317985,0.005,0.013525936569317984,0.05
f7275dde-f5dd-4efe-9155-bc1254ce0dc0,CAT-C086,2015,2016,0.6349064698391093,-0.0028287778168756914,-0.005723310129292872,1,LONG,wf_2015,2026-08-20 00:46:00,nivolumab,RCC,BMY,0.2,-0.0005657555633751383,1,-0.005723310129292872,0.005,-0.010723310129292871,0.05
da503b1d-beda-48e7-9109-bb5f76207e58,CAT-F002,2015,2016,0.00364951782567393,-0.1245047593667322,0.008533279291897103,0,NO TRADE,wf_2015,2026-08-20 00:46:00,epacadostat,melanoma,INCY,0.45,-0.056027141715029496,-1,-0.008533279291897103,0.005,-0.013533279291897102,0.05
82bc8535-cb49-4117-b4c8-b9a1de3a8e60,CAT-C015,2015,2016,0.8760370925675043,-0.05598868028765828,0.020979222192336115,1,NO TRADE,wf_2015,2026-08-20 00:46:00,umbralisib,CLL,TGTX,0.85,-0.04759037824450953,-1,-0.020979222192336115,0.005,-0.025979222192336116,0.05
8fbca97b-9842-4106-a381-25859bd23ca8,CAT-F021,2015,2016,0.8845340334208539,0.001812539794835788,-0.03710103824498889,0,STRONG LONG,wf_2015,2026-08-20 00:46:00,cediranib,ovarian,AZN,0.2,0.0003625079589671576,1,-0.03710103824498889,0.005,-0.04210103824498889,0.05
8cec1258-0f13-4437-9b88-b5072c13fb10,CAT-F007,2015,2016,0.0057534152858713,-0.2724491142524729,0.0646061756756943,0,NO TRADE,wf_2015,2026-08-20 00:46:00,mirvetuximab soravtansine,ovarian_FRalpha,IMGN,0.9,-0.24520420282722563,-1,-0.0646061756756943,0.005,-0.0696061756756943,0.05
bbd0d69e-dd16-4ba1-8e5d-27ad1a06d334,CAT-C058,2016,2017,0.806673415042838,0.006888939742935099,0.03901532863012315,1,LONG,wf_2016,2026-08-20 00:46:00,dabrafenib,melanoma_BRAF,NVS,0.2,0.0013777879485870198,1,0.03901532863012315,0.005,0.03401532863012315,0.05
9c5b21c4-953f-4897-b404-6813e31ec7c4,CAT-C055,2016,2017,0.1329238348249406,0.013408273250620656,0.007718976769925648,1,STRONG LONG,wf_2016,2026-08-20 00:46:00,vismodegib,basal_cell,NVS,0.2,0.0026816546501241315,1,0.007718976769925648,0.005,0.002718976769925648,0.05
877d2938-fbd3-43d8-b8f3-3fca60cf8b94,CAT-C020,2016,2017,0.6501505990403272,0.00703147033096511,-0.009730115429459733,1,LONG,wf_2016,2026-08-20 00:46:00,axicabtagene ciloleucel,DLBCL,GILD,0.15,0.0010547205496447664,1,-0.009730115429459733,0.005,-0.014730115429459734,0.05
d1338cb1-e27d-4317-a2d5-d69d5622363a,CAT-C062,2016,2017,0.9537504575086694,-0.0017314417145402384,0.01493056748169389,1,SHORT,wf_2016,2026-08-20 00:46:00,brigatinib,ALK_NSCLC,TAK,0.2,-0.0003462883429080477,-1,-0.01493056748169389,0.005,-0.01993056748169389,0.05
ab08b0ad-cf4b-4401-a535-9439292f29a8,CAT-C021,2016,2017,0.7180191208840143,-0.03748489350100921,0.08373701472024314,1,SHORT,wf_2016,2026-08-20 00:46:00,enasidenib,AML,AGIO,0.9,-0.03373640415090829,-1,-0.08373701472024314,0.005,-0.08873701472024315,0.05
0e912e95-3caf-4647-8f01-5e4508ef05aa,CAT-C075,2017,2018,0.3091686946257941,-0.2295444190371719,-0.0056664919352691365,1,STRONG SHORT,wf_2017,2026-08-20 00:46:00,ivosidenib,AML_IDH1,AGIO,0.85,-0.19511275618159613,-1,0.0056664919352691365,0.005,0.0006664919352691364,0.05
eaac6196-212b-4ac0-a0b6-6072a502f8df,CAT-F001,2017,2018,0.09521075678745756,-0.023406917897465084,-0.002995106102815514,0,SHORT,wf_2017,2026-08-20 00:46:00,epacadostat,head_and_neck_cancer,INCY,0.45,-0.010533113053859289,-1,0.002995106102815514,0.005,-0.002004893897184486,0.05
f450120b-2605-4042-a74d-487964a7d8b0,CAT-F027,2017,2018,0.509572808844335,0.01185271893263962,-0.003721531047757353,0,STRONG LONG,wf_2017,2026-08-20 00:46:00,pinatuzumab vedotin,DLBCL,RHHBY,0.2,0.002370543786527924,1,-0.003721531047757353,0.005,-0.008721531047757353,0.05
3d0dfb43-a0b8-4b9b-84c9-226e9538b1db,CAT-C089,2017,2018,0.8359385139269138,0.010270193515945623,-0.014895888662783643,1,LONG,wf_2017,2026-08-20 00:46:00,lenvatinib,thyroid,EIS,0.9,0.009243174164351062,1,-0.014895888662783643,0.005,-0.019895888662783644,0.05
e360f747-b01f-42c2-82b8-893f1c68c2b6,CAT-F026,2017,2018,0.5797114616141528,0.023785777644121778,-0.6557462533859838,0,STRONG LONG,wf_2017,2026-08-20 00:46:00,glembatumumab vedotin,breast,CLDX,0.9,0.021407199879709602,1,-0.6557462533859838,0.005,-0.6607462533859838,0.05
082da012-0cdd-466a-85b4-f2d4eb2011c5,CAT-C022,2018,2019,0.7922487837262767,0.006876998680982126,0.014755925117497938,1,STRONG LONG,wf_2018,2026-08-20 00:46:00,midostaurin,AML_FLT3,NVS,0.2,0.0013753997361964252,1,0.014755925117497938,0.005,0.009755925117497937,0.05
f816285c-b8d7-4215-a21f-e9ce3903033d,CAT-C080,2018,2019,0.27249929791100636,0.0029670924001959074,0.003563162659976602,1,LONG,wf_2018,2026-08-20 00:46:00,niraparib,ovarian,GSK,0.2,0.0005934184800391815,1,0.003563162659976602,0.005,-0.0014368373400233982,0.05
5e783d26-9e9f-4a8d-9d37-64d6fb04edfa,CAT-F009,2018,2019,0.5911002414243185,-0.0490760876241477,0.002926276543369164,0,NO TRADE,wf_2018,2026-08-20 00:46:00,tipifarnib,head_neck_squamous,KURA,0.85,-0.04171467448052554,-1,-0.002926276543369164,0.005,-0.007926276543369165,0.05
601fea4b-a63e-4ef4-9973-fd9323f6929e,CAT-F030,2018,2019,0.56428787117929,-0.10940915281269521,0.06166308215160504,0,SHORT,wf_2018,2026-08-20 00:46:00,quizartinib,AML_FLT3,DNLI,0.85,-0.09299777989079093,-1,-0.06166308215160504,0.005,-0.06666308215160505,0.05
69846dca-2844-46eb-a2de-9eebcb86f0c1,CAT-F033,2019,2020,0.5418403928843091,-0.1378736714559026,-0.198798506737758,0,NO TRADE,wf_2019,2026-08-20 00:46:00,plitidepsin,multiple_myeloma,PLYX,0.9,-0.12408630431031234,-1,0.198798506737758,0.005,0.193798506737758,0.05
a1efa970-9f92-4c12-9ff6-58634e58235b,CAT-F044,2019,2020,0.6853464356550726,0.014735263051382536,0.009457905289858008,0,STRONG LONG,wf_2019,2026-08-20 00:46:00,simtuzumab,myelofibrosis,GILD,0.2,0.002947052610276507,1,0.009457905289858008,0.005,0.004457905289858008,0.05
2e0ce530-de59-44c8-9d9f-07b519d23c5c,CAT-F034,2020,2021,0.3729939152224778,-0.1383894295573957,-0.045095792316597355,0,NO TRADE,wf_2020,2026-08-20 00:46:00,pelareorep,pancreatic,ONCY,0.9,-0.12455048660165613,-1,0.045095792316597355,0.005,0.04009579231659736,0.05
6ecbdf25-ae0b-4632-9dc4-211476259854,CAT-C088,2020,2021,0.13015034606965709,-0.006010455406619678,0.007860226818887718,1,STRONG LONG,wf_2020,2026-08-20 00:46:00,regorafenib,HCC,BAYRY,0.2,-0.0012020910813239356,1,0.007860226818887718,0.005,0.0028602268188877176,0.05
e00c2a9c-bc69-498a-816a-26f02bb1ba97,CAT-C090,2021,2022,0.7534002353961486,-0.03214831541033481,0.007509671685612278,1,SHORT,wf_2021,2026-08-20 00:46:00,lenvatinib,HCC,EIS,0.9,-0.02893348386930133,-1,-0.007509671685612278,0.005,-0.012509671685612279,0.05
3d176433-cc95-4f3b-8c0d-23c7477a1e5a,CAT-C070,2021,2022,0.9200052206698175,-0.0029281279168278853,-0.013761320136771412,1,LONG,wf_2021,2026-08-20 00:46:00,lisocabtagene maraleucel,LBCL,BMY,0.2,-0.0005856255833655771,1,-0.013761320136771412,0.005,-0.01876132013677141,0.05
1cda6c47-fe54-4c48-ab00-154d52ea3d42,CAT-C087,2021,2022,0.9500680822876009,-0.009945999276318424,0.020644599192963187,1,SHORT,wf_2021,2026-08-20 00:46:00,cabozantinib,HCC,EXEL,0.45,-0.004475699674343291,-1,-0.020644599192963187,0.005,-0.025644599192963188,0.05
9b490635-265b-4849-80d0-d9c1c3f6641a,CAT-C084,2021,2022,0.7675274858377683,-0.00480434870152609,-0.08726881624761826,1,LONG,wf_2021,2026-08-20 00:46:00,venetoclax,CLL_combo,ABBV,0.2,-0.000960869740305218,1,-0.08726881624761826,0.005,-0.09226881624761826,0.05
09e27860-f43f-494d-bee9-f90b3c47078c,CAT-C073,2021,2022,0.8597975696672859,0.0945331384038567,-0.1180424384684175,1,STRONG LONG,wf_2021,2026-08-20 00:46:00,infigratinib,cholangiocarcinoma,QED,0.9,0.08507982456347103,1,-0.1180424384684175,0.005,-0.1230424384684175,0.05
2fee3967-289e-4cca-9f50-e0afb151b0c4,CAT-C069,2023,2024,0.3393078040902528,0.002245524868189652,0.018615906669230766,1,LONG,wf_2023,2026-08-20 00:46:00,tisagenlecleucel,DLBCL,NVS,0.2,0.00044910497363793045,1,0.018615906669230766,0.005,0.013615906669230765,0.05
9a24e6fc-2db7-4743-b37d-acd2adb7a078,CAT-C085,2023,2024,0.22788593612655367,0.006175385710412644,0.0030286172757681903,1,STRONG LONG,wf_2023,2026-08-20 00:46:00,pembrolizumab,NSCLC,MRK,0.2,0.001235077142082529,1,0.0030286172757681903,0.005,-0.0019713827242318098,0.05
aa8a5afd-33b3-410e-b873-7febd60cf8bd,CAT-C066,2023,2024,0.7724022290457131,-0.003560237479747737,0.001479624246839251,1,SHORT,wf_2023,2026-08-20 00:46:00,durvalumab,NSCLC,AZN,0.2,-0.0007120474959495474,-1,-0.001479624246839251,0.005,-0.006479624246839251,0.05
9c70e496-f5cb-424f-849f-1209f4fdefe4,CAT-C074,2024,2025,0.23828474000388913,0.037676179003703264,0.01771053942586911,1,STRONG LONG,wf_2024,2026-08-20 00:46:00,glasdegib,AML,PFE,0.2,0.007535235800740653,1,0.01771053942586911,0.005,0.01271053942586911,0.05
4375f71f-5250-460f-9b4e-7236674572ee,CAT-C065,2025,2026,0.9229071761224268,0.0036209469633496257,-0.011001756602846326,1,STRONG LONG,wf_2025,2026-08-20 00:46:00,selpercatinib,RET_NSCLC,LLY,0.2,0.0007241893926699252,1,-0.011001756602846326,0.005,-0.016001756602846327,0.05
